"","order_id","assignment_id","user_id","assistment_id","problem_id","original","correct","attempt_count","ms_first_response","tutor_mode","answer_type","sequence_id","student_class_id","position","type","base_sequence_id","skill_id","skill_name","teacher_id","school_id","hint_count","hint_total","overlap_time","template_id","answer_id","answer_text","first_action","bottom_hint","opportunity","opportunity_original"
"1",33022537,277618,64525,33139,51424,1,1,1,32454,"tutor","algebra",5948,13241,126,"MasterySection",5948,"1_13","Box and Whisker",22763,73,0,3,32454,30799,NA,"26",0,NA,1,"1"
"2",33022709,277618,64525,33150,51435,1,1,1,4922,"tutor","algebra",5948,13241,126,"MasterySection",5948,"1_13","Box and Whisker",22763,73,0,3,4922,30799,NA,"55",0,NA,2,"2"
"3",35450204,220674,70363,33159,51444,1,0,2,25390,"tutor","algebra",5948,11816,22,"MasterySection",5948,"1_13","Box and Whisker",22763,73,0,3,42000,30799,NA,"88",0,NA,1,"1"
"4",35450295,220674,70363,33110,51395,1,1,1,4859,"tutor","algebra",5948,11816,22,"MasterySection",5948,"1_13","Box and Whisker",22763,73,0,3,4859,30059,NA,"41",0,NA,2,"2"
"5",35450311,220674,70363,33196,51481,1,0,14,19813,"tutor","algebra",5948,11816,22,"MasterySection",5948,"1_15","Box and Whisker",22763,73,3,4,124564,30060,NA,"65",0,0,3,"3"
"6",35450555,220674,70363,33172,51457,1,1,1,16031,"tutor","algebra",5948,11816,22,"MasterySection",5948,"1_15","Box and Whisker",22763,73,0,4,16031,30060,NA,"12",0,NA,4,"4"
"7",35450573,220674,70363,33174,51459,1,1,1,15047,"tutor","algebra",5948,11816,22,"MasterySection",5948,"1_15","Box and Whisker",22763,73,0,4,15047,30060,NA,"6",0,NA,5,"5"
"8",35480603,220674,70363,33123,51408,1,1,1,10732,"tutor","algebra",5948,11816,22,"MasterySection",5948,"1_13","Box and Whisker",22763,73,0,3,10732,30059,NA,"55",0,NA,6,"6"
"9",33140811,220674,70677,33168,51453,1,1,1,23241,"tutor","algebra",5948,11816,22,"MasterySection",5948,"1_15","Box and Whisker",22763,73,0,4,23241,30060,NA,"12",0,NA,1,"1"
"10",33140919,220674,70677,33112,51397,1,1,1,11512,"tutor","algebra",5948,11816,22,"MasterySection",5948,"1_13","Box and Whisker",22763,73,0,2,11512,30059,NA,"36",0,NA,2,"2"
"11",33275447,277618,70695,33149,51434,1,1,1,14891,"tutor","algebra",5948,13241,126,"MasterySection",5948,"1_13","Box and Whisker",22763,73,0,3,14891,30799,NA,"79",0,NA,1,"1"
"12",33275494,277618,70695,33188,51473,1,1,1,32844,"tutor","algebra",5948,13241,126,"MasterySection",5948,"1_15","Box and Whisker",22763,73,0,4,32844,30060,NA,"18",0,NA,2,"2"
"13",35222057,277618,70699,33145,51430,1,1,1,38860,"tutor","algebra",5948,13241,126,"MasterySection",5948,"1_13","Box and Whisker",22763,73,0,3,38860,30799,NA,"66",0,NA,1,"1"
"14",35222063,277618,70699,33151,51436,1,1,1,6249,"tutor","algebra",5948,13241,126,"MasterySection",5948,"1_13","Box and Whisker",22763,73,0,3,6249,30799,NA,"46",0,NA,2,"2"
"15",32871676,277618,70707,33136,51421,1,1,1,5710,"tutor","algebra",5948,13241,126,"MasterySection",5948,"1_13","Box and Whisker",22763,73,0,3,5710,30059,NA,"47",0,NA,1,"1"
"16",32871682,277618,70707,33111,51396,1,1,1,4741,"tutor","algebra",5948,13241,126,"MasterySection",5948,"1_13","Box and Whisker",22763,73,0,3,4741,30059,NA,"70",0,NA,2,"2"
"17",33140490,277618,70727,33123,51408,1,1,1,13816,"tutor","algebra",5948,13241,126,"MasterySection",5948,"1_13","Box and Whisker",22763,73,0,3,13816,30059,NA,"55",0,NA,1,"1"
"18",33140547,277618,70727,33117,51402,1,1,1,7441,"tutor","algebra",5948,13241,126,"MasterySection",5948,"1_13","Box and Whisker",22763,73,0,3,7441,30059,NA,"82",0,NA,2,"2"
"19",33392795,277618,70729,33169,51454,1,0,2,12898,"tutor","algebra",5948,13241,126,"MasterySection",5948,"1_15","Box and Whisker",22763,73,0,4,27650,30060,NA,"14",0,NA,1,"1"
"20",33392817,277618,70729,33175,51460,1,1,1,10955,"tutor","algebra",5948,13241,126,"MasterySection",5948,"1_15","Box and Whisker",22763,73,0,4,10955,30060,NA,"6",0,NA,2,"2"
"21",33392838,277618,70729,33140,51425,1,0,2,27857,"tutor","algebra",5948,13241,126,"MasterySection",5948,"1_13","Box and Whisker",22763,73,3,3,39933,30799,NA,"16",0,1,3,"3"
"22",33392907,277618,70729,33183,51468,1,1,1,13479,"tutor","algebra",5948,13241,126,"MasterySection",5948,"1_15","Box and Whisker",22763,73,0,4,13479,30060,NA,"16",0,NA,4,"4"
"23",33392928,277618,70729,33115,51400,1,1,1,5385,"tutor","algebra",5948,13241,126,"MasterySection",5948,"1_13","Box and Whisker",22763,73,0,3,5385,30059,NA,"77",0,NA,5,"5"
"24",20421232,220674,70730,33178,51463,1,0,2,154880,"tutor","algebra",5948,11816,22,"MasterySection",5948,"1_15","Box and Whisker",22763,73,0,4,296134,30060,NA,"12",0,NA,1,"1"
"25",20421644,220674,70730,33162,51447,1,0,4,53687,"tutor","algebra",5948,11816,22,"MasterySection",5948,"1_13","Box and Whisker",22763,73,0,3,124624,30799,NA,"70-54",0,NA,2,"2"
"26",21463988,220674,70730,33184,51469,1,1,1,34671,"tutor","algebra",5948,11816,22,"MasterySection",5948,"1_15","Box and Whisker",22763,73,0,4,34671,30060,NA,"18",0,NA,3,"3"
"27",21464284,220674,70730,33148,51433,1,1,1,4781,"tutor","algebra",5948,11816,22,"MasterySection",5948,"1_13","Box and Whisker",22763,73,0,3,4781,30799,NA,"74",0,NA,4,"4"
"28",21464348,220674,70730,33146,51431,1,1,1,9000,"tutor","algebra",5948,11816,22,"MasterySection",5948,"1_13","Box and Whisker",22763,73,0,3,9000,30799,NA,"67",0,NA,5,"5"
"29",35278766,277618,70733,33175,51460,1,0,2,9575,"tutor","algebra",5948,13241,126,"MasterySection",5948,"1_15","Box and Whisker",22763,73,0,4,12007,30060,NA,"8",0,NA,1,"1"
"30",35278780,277618,70733,33182,51467,1,1,1,6422,"tutor","algebra",5948,13241,126,"MasterySection",5948,"1_15","Box and Whisker",22763,73,0,4,6422,30060,NA,"12",0,NA,2,"2"
"31",35278789,277618,70733,33107,51392,1,0,3,11365,"tutor","algebra",5948,13241,126,"MasterySection",5948,"1_13","Box and Whisker",22763,73,0,3,31638,30059,NA,"16",0,NA,3,"3"
"32",35278802,277618,70733,33187,51472,1,1,1,4412,"tutor","algebra",5948,13241,126,"MasterySection",5948,"1_15","Box and Whisker",22763,73,0,4,4412,30060,NA,"8",0,NA,4,"4"
"33",35278810,277618,70733,33111,51396,1,1,1,6902,"tutor","algebra",5948,13241,126,"MasterySection",5948,"1_13","Box and Whisker",22763,73,0,3,6902,30059,NA,"70",0,NA,5,"5"
"34",21067328,220674,70736,33143,51428,1,0,2,60953,"tutor","algebra",5948,11816,22,"MasterySection",5948,"1_13","Box and Whisker",22763,73,0,3,77489,30799,NA,"34",0,NA,1,"1"
"35",21067484,220674,70736,33192,51477,1,0,3,98752,"tutor","algebra",5948,11816,22,"MasterySection",5948,"1_15","Box and Whisker",22763,73,3,4,740423,30060,NA,"27",0,0,2,"2"
"36",21068754,220674,70736,33114,51399,1,1,1,17944,"tutor","algebra",5948,11816,22,"MasterySection",5948,"1_13","Box and Whisker",22763,73,0,3,17944,30059,NA,"47",0,NA,3,"3"
"37",21068806,220674,70736,33146,51431,1,1,1,6350,"tutor","algebra",5948,11816,22,"MasterySection",5948,"1_13","Box and Whisker",22763,73,0,3,6350,30799,NA,"67",0,NA,4,"4"
"38",21068817,220674,70736,33122,51407,1,1,1,5283,"tutor","algebra",5948,11816,22,"MasterySection",5948,"1_13","Box and Whisker",22763,73,0,3,5283,30059,NA,"37",0,NA,5,"5"
"39",34948135,277618,70736,33124,51409,1,1,1,9649,"tutor","algebra",5948,13241,126,"MasterySection",5948,"1_13","Box and Whisker",22763,73,0,3,9649,30059,NA,"58",0,NA,6,"6"
"40",34948141,277618,70736,33158,51443,1,1,1,4619,"tutor","algebra",5948,13241,126,"MasterySection",5948,"1_13","Box and Whisker",22763,73,0,3,4619,30799,NA,"41",0,NA,7,"7"
"41",32880424,277618,70746,33157,51442,1,1,1,4453,"tutor","algebra",5948,13241,126,"MasterySection",5948,"1_13","Box and Whisker",22763,73,0,3,4453,30799,NA,"47",0,NA,1,"1"
"42",32880440,277618,70746,33116,51401,1,1,1,3937,"tutor","algebra",5948,13241,126,"MasterySection",5948,"1_13","Box and Whisker",22763,73,0,3,3937,30059,NA,"22",0,NA,2,"2"
"43",35035861,277618,70756,33131,51416,1,1,1,7112,"tutor","algebra",5948,13241,126,"MasterySection",5948,"1_13","Box and Whisker",22763,73,0,3,7112,30059,NA,"20",0,NA,1,"1"
"44",35035868,277618,70756,33164,51449,1,1,1,6971,"tutor","algebra",5948,13241,126,"MasterySection",5948,"1_13","Box and Whisker",22763,73,0,3,6971,30799,NA,"44",0,NA,2,"2"
"45",35676488,277618,70759,33127,51412,1,1,1,14555,"tutor","algebra",5948,13241,126,"MasterySection",5948,"1_13","Box and Whisker",22763,73,0,3,14555,30059,NA,"63",0,NA,1,"1"
"46",35676503,277618,70759,33170,51455,1,1,1,25132,"tutor","algebra",5948,13241,126,"MasterySection",5948,"1_15","Box and Whisker",22763,73,0,4,25132,30060,NA,"8",0,NA,2,"2"
"47",32268742,277453,70872,33136,51421,1,1,1,7281,"tutor","algebra",5948,11816,246,"MasterySection",5948,"1_13","Box and Whisker",22763,73,0,3,7281,30059,NA,"47",0,NA,1,"1"
"48",32268764,277453,70872,33144,51429,1,1,1,7234,"tutor","algebra",5948,11816,246,"MasterySection",5948,"1_13","Box and Whisker",22763,73,0,3,7234,30799,NA,"86",0,NA,2,"2"
"49",35906469,277618,70874,33141,51426,1,0,3,155280,"tutor","algebra",5948,13241,126,"MasterySection",5948,"1_13","Box and Whisker",22763,73,2,3,173356,30799,NA,"51",0,0,1,"1"
"50",35906877,277618,70874,33185,51470,1,1,1,22576,"tutor","algebra",5948,13241,126,"MasterySection",5948,"1_15","Box and Whisker",22763,73,0,4,22576,30060,NA,"12",0,NA,2,"2"
"51",35906923,277618,70874,33135,51420,1,1,1,38121,"tutor","algebra",5948,13241,126,"MasterySection",5948,"1_13","Box and Whisker",22763,73,0,3,38121,30059,NA,"21",0,NA,3,"3"
"52",35907014,277618,70874,33123,51408,1,1,1,4655,"tutor","algebra",5948,13241,126,"MasterySection",5948,"1_13","Box and Whisker",22763,73,0,3,4655,30059,NA,"55",0,NA,4,"4"
"53",35517536,282727,71175,33141,51426,1,0,3,49890,"tutor","algebra",5948,12473,1,"MasterySection",5948,"1_13","Box and Whisker",24116,76,0,3,98873,30799,NA,"51",0,NA,1,"1"
"54",35517757,282727,71175,33151,51436,1,1,1,43593,"tutor","algebra",5948,12473,1,"MasterySection",5948,"1_13","Box and Whisker",24116,76,0,3,43593,30799,NA,"46",0,NA,2,"2"
"55",35517908,282727,71175,33135,51420,1,1,1,6734,"tutor","algebra",5948,12473,1,"MasterySection",5948,"1_13","Box and Whisker",24116,76,0,3,6734,30059,NA,"21",0,NA,3,"3"
"56",35517943,282727,71175,33114,51399,1,1,1,35577,"tutor","algebra",5948,12473,1,"MasterySection",5948,"1_13","Box and Whisker",24116,76,0,3,35577,30059,NA,"47",0,NA,4,"4"
"57",35517569,282727,71176,33168,51453,1,1,1,120255,"tutor","algebra",5948,12473,1,"MasterySection",5948,"1_15","Box and Whisker",24116,76,0,4,120255,30060,NA,"12",0,NA,1,"1"
"58",35517864,282727,71176,33110,51395,1,0,3,13750,"tutor","algebra",5948,12473,1,"MasterySection",5948,"1_13","Box and Whisker",24116,76,1,3,80863,30059,NA,"40.5",0,0,2,"2"
"59",35518200,282727,71176,33179,51464,1,0,2,21470,"tutor","algebra",5948,12473,1,"MasterySection",5948,"1_15","Box and Whisker",24116,76,0,4,35252,30060,NA,"22",0,NA,3,"3"
"60",35518319,282727,71176,33129,51414,1,1,1,7625,"tutor","algebra",5948,12473,1,"MasterySection",5948,"1_13","Box and Whisker",24116,76,0,3,7625,30059,NA,"45",0,NA,4,"4"
"61",35518369,282727,71176,33111,51396,1,0,2,6141,"tutor","algebra",5948,12473,1,"MasterySection",5948,"1_13","Box and Whisker",24116,76,0,3,13938,30059,NA,"71",0,NA,5,"5"
"62",35517659,282727,71177,33137,51422,1,1,1,146813,"tutor","algebra",5948,12473,1,"MasterySection",5948,"1_13","Box and Whisker",24116,76,0,3,146813,30799,NA,"36",0,NA,1,"1"
"63",35518136,282727,71177,33169,51454,1,1,1,16641,"tutor","algebra",5948,12473,1,"MasterySection",5948,"1_15","Box and Whisker",24116,76,0,4,16641,30060,NA,"12",0,NA,2,"2"
"64",35517370,282727,71179,33112,51397,1,1,1,6641,"tutor","algebra",5948,12473,1,"MasterySection",5948,"1_13","Box and Whisker",24116,76,0,2,6641,30059,NA,"36",0,NA,1,"1"
"65",35517388,282727,71179,33136,51421,1,1,1,6751,"tutor","algebra",5948,12473,1,"MasterySection",5948,"1_13","Box and Whisker",24116,76,0,3,6751,30059,NA,"47",0,NA,2,"2"
"66",35644737,282727,71183,33110,51395,1,1,1,20191,"tutor","algebra",5948,12473,1,"MasterySection",5948,"1_13","Box and Whisker",24116,76,0,3,20191,30059,NA,"41",0,NA,1,"1"
"67",35644834,282727,71183,33116,51401,1,1,1,5453,"tutor","algebra",5948,12473,1,"MasterySection",5948,"1_13","Box and Whisker",24116,76,0,3,5453,30059,NA,"22",0,NA,2,"2"
"68",35517841,282727,71187,33109,51394,1,1,1,191269,"tutor","algebra",5948,12473,1,"MasterySection",5948,"1_13","Box and Whisker",24116,76,0,3,191269,30059,NA,"66",0,NA,1,"1"
"69",35518508,282727,71187,33144,51429,1,1,1,70813,"tutor","algebra",5948,12473,1,"MasterySection",5948,"1_13","Box and Whisker",24116,76,0,3,70813,30799,NA,"86",0,NA,2,"2"
"70",35517819,282727,71190,33139,51424,1,1,1,13250,"tutor","algebra",5948,12473,1,"MasterySection",5948,"1_13","Box and Whisker",24116,76,0,3,13250,30799,NA,"26",0,NA,1,"1"
"71",35517877,282727,71190,33143,51428,1,1,1,56532,"tutor","algebra",5948,12473,1,"MasterySection",5948,"1_13","Box and Whisker",24116,76,0,3,56532,30799,NA,"37",0,NA,2,"2"
"72",35521514,282727,71193,33115,51400,1,1,1,53247,"tutor","algebra",5948,12473,1,"MasterySection",5948,"1_13","Box and Whisker",24116,76,0,3,53247,30059,NA,"77",0,NA,1,"1"
"73",35521751,282727,71193,33120,51405,1,1,1,9257,"tutor","algebra",5948,12473,1,"MasterySection",5948,"1_13","Box and Whisker",24116,76,0,3,9257,30059,NA,"36",0,NA,2,"2"
"74",35517942,282727,71205,33137,51422,1,1,1,15895,"tutor","algebra",5948,12473,1,"MasterySection",5948,"1_13","Box and Whisker",24116,76,0,3,15895,30799,NA,"36",0,NA,1,"1"
"75",35517992,282727,71205,33157,51442,1,1,1,5949,"tutor","algebra",5948,12473,1,"MasterySection",5948,"1_13","Box and Whisker",24116,76,0,3,5949,30799,NA,"47",0,NA,2,"2"
"76",35519658,282727,71209,33142,51427,1,1,1,19781,"tutor","algebra",5948,12473,1,"MasterySection",5948,"1_13","Box and Whisker",24116,76,0,3,19781,30799,NA,"68",0,NA,1,"1"
"77",35519754,282727,71209,33128,51413,1,1,1,9656,"tutor","algebra",5948,12473,1,"MasterySection",5948,"1_13","Box and Whisker",24116,76,0,3,9656,30059,NA,"76",0,NA,2,"2"
"78",35517854,282727,71211,33168,51453,1,1,1,50047,"tutor","algebra",5948,12473,1,"MasterySection",5948,"1_15","Box and Whisker",24116,76,0,4,50047,30060,NA,"12",0,NA,1,"1"
"79",35518039,282727,71211,33165,51450,1,1,1,35063,"tutor","algebra",5948,12473,1,"MasterySection",5948,"1_13","Box and Whisker",24116,76,0,3,35063,30799,NA,"84",0,NA,2,"2"
"80",35518661,282727,71212,33148,51433,1,1,1,111939,"tutor","algebra",5948,12473,1,"MasterySection",5948,"1_13","Box and Whisker",24116,76,0,3,111939,30799,NA,"74",0,NA,1,"1"
"81",35518897,282727,71212,33143,51428,1,1,1,5704,"tutor","algebra",5948,12473,1,"MasterySection",5948,"1_13","Box and Whisker",24116,76,0,3,5704,30799,NA,"37",0,NA,2,"2"
"82",35518279,282727,71221,33128,51413,1,1,1,10393,"tutor","algebra",5948,12473,1,"MasterySection",5948,"1_13","Box and Whisker",24116,76,0,3,10393,30059,NA,"76",0,NA,1,"1"
"83",35518311,282727,71221,33149,51434,1,1,1,4727,"tutor","algebra",5948,12473,1,"MasterySection",5948,"1_13","Box and Whisker",24116,76,0,3,4727,30799,NA,"79",0,NA,2,"2"
"84",35533740,282727,71224,33181,51466,1,1,1,12203,"tutor","algebra",5948,12473,1,"MasterySection",5948,"1_15","Box and Whisker",24116,76,0,4,12203,30060,NA,"12",0,NA,1,"1"
"85",35533761,282727,71224,33186,51471,1,1,1,8219,"tutor","algebra",5948,12473,1,"MasterySection",5948,"1_15","Box and Whisker",24116,76,0,4,8219,30060,NA,"8",0,NA,2,"2"
"86",35529288,282727,71225,33172,51457,1,1,1,19331,"tutor","algebra",5948,12473,1,"MasterySection",5948,"1_15","Box and Whisker",24116,76,0,4,19331,30060,NA,"12",0,NA,1,"1"
"87",35529344,282727,71225,33155,51440,1,0,1,15613,"tutor","algebra",5948,12473,1,"MasterySection",5948,"1_13","Box and Whisker",24116,76,3,3,25568,30799,NA,"",1,1,2,"2"
"88",35529419,282727,71225,33185,51470,1,1,1,17254,"tutor","algebra",5948,12473,1,"MasterySection",5948,"1_15","Box and Whisker",24116,76,0,4,17254,30060,NA,"12",0,NA,3,"3"
"89",35529454,282727,71225,33135,51420,1,1,1,29412,"tutor","algebra",5948,12473,1,"MasterySection",5948,"1_13","Box and Whisker",24116,76,0,3,29412,30059,NA,"21",0,NA,4,"4"
"90",35529525,282727,71225,33178,51463,1,0,2,20192,"tutor","algebra",5948,12473,1,"MasterySection",5948,"1_15","Box and Whisker",24116,76,4,4,32083,30060,NA,"70",0,1,5,"5"
"91",35531026,282727,71227,33145,51430,1,0,2,105392,"tutor","algebra",5948,12473,1,"MasterySection",5948,"1_13","Box and Whisker",24116,76,1,3,141720,30799,NA,"67",0,0,1,"1"
"92",35531320,282727,71227,33187,51472,1,1,1,51813,"tutor","algebra",5948,12473,1,"MasterySection",5948,"1_15","Box and Whisker",24116,76,0,4,51813,30060,NA,"8",0,NA,2,"2"
"93",35531409,282727,71227,33179,51464,1,1,1,15938,"tutor","algebra",5948,12473,1,"MasterySection",5948,"1_15","Box and Whisker",24116,76,0,4,15938,30060,NA,"12",0,NA,3,"3"
"94",35531441,282727,71227,33183,51468,1,1,1,20704,"tutor","algebra",5948,12473,1,"MasterySection",5948,"1_15","Box and Whisker",24116,76,0,4,20704,30060,NA,"16",0,NA,4,"4"
"95",35528844,282727,71230,33124,51409,1,1,1,14953,"tutor","algebra",5948,12473,1,"MasterySection",5948,"1_13","Box and Whisker",24116,76,0,3,14953,30059,NA,"58",0,NA,1,"1"
"96",35528866,282727,71230,33150,51435,1,0,3,8406,"tutor","algebra",5948,12473,1,"MasterySection",5948,"1_13","Box and Whisker",24116,76,3,3,33593,30799,NA,"54",0,1,2,"2"
"97",35528934,282727,71230,33141,51426,1,0,3,9484,"tutor","algebra",5948,12473,1,"MasterySection",5948,"1_13","Box and Whisker",24116,76,0,3,14171,30799,NA,"51",0,NA,3,"3"
"98",35528962,282727,71230,33153,51438,1,1,1,20812,"tutor","algebra",5948,12473,1,"MasterySection",5948,"1_13","Box and Whisker",24116,76,0,3,20812,30799,NA,"23",0,NA,4,"4"
"99",35529030,282727,71230,33162,51447,1,1,1,3313,"tutor","algebra",5948,12473,1,"MasterySection",5948,"1_13","Box and Whisker",24116,76,0,3,3313,30799,NA,"61",0,NA,5,"5"
"100",35594952,282727,71230,33115,51400,1,1,1,13750,"tutor","algebra",5948,12473,1,"MasterySection",5948,"1_13","Box and Whisker",24116,76,0,3,13750,30059,NA,"77",0,NA,6,"6"
"101",35529660,282727,71231,33175,51460,1,1,1,15241,"tutor","algebra",5948,12473,1,"MasterySection",5948,"1_15","Box and Whisker",24116,76,0,4,15241,30060,NA,"6",0,NA,1,"1"
"102",35529706,282727,71231,33151,51436,1,1,1,13802,"tutor","algebra",5948,12473,1,"MasterySection",5948,"1_13","Box and Whisker",24116,76,0,3,13802,30799,NA,"46",0,NA,2,"2"
"103",35517337,282727,71232,33148,51433,1,1,1,24890,"tutor","algebra",5948,12473,1,"MasterySection",5948,"1_13","Box and Whisker",24116,76,0,3,24890,30799,NA,"74",0,NA,1,"1"
"104",35517351,282727,71232,33172,51457,1,1,1,7890,"tutor","algebra",5948,12473,1,"MasterySection",5948,"1_15","Box and Whisker",24116,76,0,4,7890,30060,NA,"12",0,NA,2,"2"
"105",35517727,282727,71250,33134,51419,1,1,1,18095,"tutor","algebra",5948,12473,1,"MasterySection",5948,"1_13","Box and Whisker",24116,76,0,3,18095,30059,NA,"46",0,NA,1,"1"
"106",35517770,282727,71250,33146,51431,1,1,1,17298,"tutor","algebra",5948,12473,1,"MasterySection",5948,"1_13","Box and Whisker",24116,76,0,3,17298,30799,NA,"67",0,NA,2,"2"
"107",32833140,277453,71740,33173,51458,1,1,1,9344,"tutor","algebra",5948,11816,246,"MasterySection",5948,"1_15","Box and Whisker",22763,73,0,4,9344,30060,NA,"16",0,NA,1,"1"
"108",32833146,277453,71740,33133,51418,1,1,1,5216,"tutor","algebra",5948,11816,246,"MasterySection",5948,"1_13","Box and Whisker",22763,73,0,3,5216,30059,NA,"86",0,NA,2,"2"
"109",28241611,220674,71826,33108,51393,1,1,1,22682,"tutor","algebra",5948,11816,22,"MasterySection",5948,"1_13","Box and Whisker",22763,73,0,3,22682,30059,NA,"54",0,NA,1,"1"
"110",28241651,220674,71826,33132,51417,1,1,1,19371,"tutor","algebra",5948,11816,22,"MasterySection",5948,"1_13","Box and Whisker",22763,73,0,3,19371,30059,NA,"88",0,NA,2,"2"
"111",33775619,277618,71826,33114,51399,1,1,1,131156,"tutor","algebra",5948,13241,126,"MasterySection",5948,"1_13","Box and Whisker",22763,73,0,3,131156,30059,NA,"47",0,NA,3,"3"
"112",33775693,277618,71826,33122,51407,1,1,1,6589,"tutor","algebra",5948,13241,126,"MasterySection",5948,"1_13","Box and Whisker",22763,73,0,3,6589,30059,NA,"37",0,NA,4,"4"
"113",28926601,220674,71831,33160,51445,1,1,1,15376,"tutor","algebra",5948,11816,22,"MasterySection",5948,"1_13","Box and Whisker",22763,73,0,3,15376,30799,NA,"35",0,NA,1,"1"
"114",28926610,220674,71831,33137,51422,1,1,1,8810,"tutor","algebra",5948,11816,22,"MasterySection",5948,"1_13","Box and Whisker",22763,73,0,3,8810,30799,NA,"36",0,NA,2,"2"
"115",32424590,277618,71831,33184,51469,1,0,4,26988,"tutor","algebra",5948,13241,126,"MasterySection",5948,"1_15","Box and Whisker",22763,73,4,4,52541,30060,NA,"68",0,1,3,"3"
"116",20431910,220674,71872,33183,51468,1,1,1,420031,"tutor","algebra",5948,11816,22,"MasterySection",5948,"1_15","Box and Whisker",22763,73,0,4,420031,30060,NA,"16",0,NA,1,"1"
"117",20432591,220674,71872,33118,51403,1,1,1,18125,"tutor","algebra",5948,11816,22,"MasterySection",5948,"1_13","Box and Whisker",22763,73,0,3,18125,30059,NA,"57",0,NA,2,"2"
"118",35534803,282727,71874,33174,51459,1,0,4,56865,"tutor","algebra",5948,12473,1,"MasterySection",5948,"1_15","Box and Whisker",24116,76,4,4,246603,30060,NA,"9",0,1,1,"1"
"119",35535333,282727,71874,33115,51400,1,1,1,42476,"tutor","algebra",5948,12473,1,"MasterySection",5948,"1_13","Box and Whisker",24116,76,0,3,42476,30059,NA,"77",0,NA,2,"2"
"120",35535380,282727,71874,33193,51478,1,0,4,26223,"tutor","algebra",5948,12473,1,"MasterySection",5948,"1_15","Box and Whisker",24116,76,3,4,91859,30060,NA,"9",0,0,3,"3"
"121",35535614,282727,71874,33143,51428,1,0,2,27547,"tutor","algebra",5948,12473,1,"MasterySection",5948,"1_13","Box and Whisker",24116,76,3,3,75436,30799,NA,"34",0,1,4,"4"
"122",35535784,282727,71874,33121,51406,1,1,1,6906,"tutor","algebra",5948,12473,1,"MasterySection",5948,"1_13","Box and Whisker",24116,76,0,3,6906,30059,NA,"25",0,NA,5,"5"
"123",35452819,277618,71881,33154,51439,1,1,1,9229,"tutor","algebra",5948,13241,126,"MasterySection",5948,"1_13","Box and Whisker",22763,73,0,3,9229,30799,NA,"34",0,NA,1,"1"
"124",35452827,277618,71881,33107,51392,1,1,1,12742,"tutor","algebra",5948,13241,126,"MasterySection",5948,"1_13","Box and Whisker",22763,73,0,3,12742,30059,NA,"43",0,NA,2,"2"
"125",33409110,279152,72059,33155,51440,1,0,2,38290,"tutor","algebra",5948,12437,58,"MasterySection",5948,"1_13","Box and Whisker",43007,5402,0,3,52707,30799,NA,"86",0,NA,1,"1"
"126",33409165,279152,72059,33181,51466,1,0,4,8366,"tutor","algebra",5948,12437,58,"MasterySection",5948,"1_15","Box and Whisker",43007,5402,0,4,141835,30060,NA,"73",0,NA,2,"2"
"127",33409366,279152,72059,33168,51453,1,1,1,9661,"tutor","algebra",5948,12437,58,"MasterySection",5948,"1_15","Box and Whisker",43007,5402,0,4,9661,30060,NA,"12",0,NA,3,"3"
"128",33409387,279152,72059,33175,51460,1,1,1,17925,"tutor","algebra",5948,12437,58,"MasterySection",5948,"1_15","Box and Whisker",43007,5402,0,4,17925,30060,NA,"6",0,NA,4,"4"
"129",33409424,279152,72059,33176,51461,1,0,2,6856,"tutor","algebra",5948,12437,58,"MasterySection",5948,"1_15","Box and Whisker",43007,5402,0,4,19105,30060,NA,"14",0,NA,5,"5"
"130",33508059,279152,72059,33113,51398,1,1,1,6596,"tutor","algebra",5948,12437,58,"MasterySection",5948,"1_13","Box and Whisker",43007,5402,0,3,6596,30059,NA,"24",0,NA,6,"6"
"131",33508071,279152,72059,33184,51469,1,1,1,16417,"tutor","algebra",5948,12437,58,"MasterySection",5948,"1_15","Box and Whisker",43007,5402,0,4,16417,30060,NA,"18",0,NA,7,"7"
"132",33305182,279141,72378,33113,51398,1,1,1,19936,"tutor","algebra",5948,13094,40,"MasterySection",5948,"1_13","Box and Whisker",43007,2770,0,3,19936,30059,NA,"24",0,NA,1,"1"
"133",33305221,279141,72378,33146,51431,1,1,1,10515,"tutor","algebra",5948,13094,40,"MasterySection",5948,"1_13","Box and Whisker",43007,2770,0,3,10515,30799,NA,"67",0,NA,2,"2"
"134",35497315,277618,72880,33164,51449,1,1,1,22593,"tutor","algebra",5948,13241,126,"MasterySection",5948,"1_13","Box and Whisker",22763,73,0,3,22593,30799,NA,"44",0,NA,1,"1"
"135",35497329,277618,72880,33119,51404,1,1,1,22328,"tutor","algebra",5948,13241,126,"MasterySection",5948,"1_13","Box and Whisker",22763,73,0,3,22328,30059,NA,"25",0,NA,2,"2"
"136",20549937,220674,73684,33119,51404,1,0,2,17364,"tutor","algebra",5948,11816,22,"MasterySection",5948,"1_13","Box and Whisker",22763,73,0,3,32059,30059,NA,"26",0,NA,1,"1"
"137",22834125,220674,73684,33147,51432,1,1,1,5930,"tutor","algebra",5948,11816,22,"MasterySection",5948,"1_13","Box and Whisker",22763,73,0,3,5930,30799,NA,"26",0,NA,2,"2"
"138",22834134,220674,73684,33136,51421,1,1,1,5914,"tutor","algebra",5948,11816,22,"MasterySection",5948,"1_13","Box and Whisker",22763,73,0,3,5914,30059,NA,"47",0,NA,3,"3"
"139",33774521,277618,73684,33165,51450,1,1,1,8980,"tutor","algebra",5948,13241,126,"MasterySection",5948,"1_13","Box and Whisker",22763,73,0,3,8980,30799,NA,"84",0,NA,4,"4"
"140",33774534,277618,73684,33168,51453,1,1,1,10801,"tutor","algebra",5948,13241,126,"MasterySection",5948,"1_15","Box and Whisker",22763,73,0,4,10801,30060,NA,"12",0,NA,5,"5"
"141",35676341,277618,73685,33195,51480,1,1,1,12246,"tutor","algebra",5948,13241,126,"MasterySection",5948,"1_15","Box and Whisker",22763,73,0,4,12246,30060,NA,"24",0,NA,1,"1"
"142",35676358,277618,73685,33156,51441,1,0,2,25459,"tutor","algebra",5948,13241,126,"MasterySection",5948,"1_13","Box and Whisker",22763,73,3,3,39671,30799,NA,"16",0,1,2,"2"
"143",35676391,277618,73685,33157,51442,1,1,1,7784,"tutor","algebra",5948,13241,126,"MasterySection",5948,"1_13","Box and Whisker",22763,73,0,3,7784,30799,NA,"47",0,NA,3,"3"
"144",35676398,277618,73685,33143,51428,1,1,1,14227,"tutor","algebra",5948,13241,126,"MasterySection",5948,"1_13","Box and Whisker",22763,73,0,3,14227,30799,NA,"37",0,NA,4,"4"
"145",35676421,277618,73685,33150,51435,1,1,1,5023,"tutor","algebra",5948,13241,126,"MasterySection",5948,"1_13","Box and Whisker",22763,73,0,3,5023,30799,NA,"55",0,NA,5,"5"
"146",34998300,277618,73962,33153,51438,1,1,1,10811,"tutor","algebra",5948,13241,126,"MasterySection",5948,"1_13","Box and Whisker",22763,73,0,3,10811,30799,NA,"23",0,NA,1,"1"
"147",34998307,277618,73962,33127,51412,1,1,1,14025,"tutor","algebra",5948,13241,126,"MasterySection",5948,"1_13","Box and Whisker",22763,73,0,3,14025,30059,NA,"63",0,NA,2,"2"
"148",34260001,277618,74698,33161,51446,1,1,1,7875,"tutor","algebra",5948,13241,126,"MasterySection",5948,"1_13","Box and Whisker",22763,73,0,3,7875,30799,NA,"26",0,NA,1,"1"
"149",34260011,277618,74698,33136,51421,1,1,1,5860,"tutor","algebra",5948,13241,126,"MasterySection",5948,"1_13","Box and Whisker",22763,73,0,3,5860,30059,NA,"47",0,NA,2,"2"
"150",32181161,277453,75169,33180,51465,1,1,1,10603,"tutor","algebra",5948,11816,246,"MasterySection",5948,"1_15","Box and Whisker",22763,73,0,4,10603,30060,NA,"16",0,NA,1,"1"
"151",32181172,277453,75169,33168,51453,1,1,1,6819,"tutor","algebra",5948,11816,246,"MasterySection",5948,"1_15","Box and Whisker",22763,73,0,4,6819,30060,NA,"12",0,NA,2,"2"
"152",32828176,277618,75169,33142,51427,1,1,1,5112,"tutor","algebra",5948,13241,126,"MasterySection",5948,"1_13","Box and Whisker",22763,73,0,3,5112,30799,NA,"68",0,NA,3,"3"
"153",32828184,277618,75169,33176,51461,1,1,1,8357,"tutor","algebra",5948,13241,126,"MasterySection",5948,"1_15","Box and Whisker",22763,73,0,4,8357,30060,NA,"24",0,NA,4,"4"
"154",29980929,270287,78073,33161,51446,1,0,1,21706,"tutor","algebra",5948,12351,148,"MasterySection",5948,"1_13","Box and Whisker",42999,2770,2,3,35203,30799,NA,"",1,0,1,"1"
"155",29980999,270287,78073,33125,51410,1,1,1,12388,"tutor","algebra",5948,12351,148,"MasterySection",5948,"1_13","Box and Whisker",42999,2770,0,3,12388,30059,NA,"70",0,NA,2,"2"
"156",29981041,270287,78073,33190,51475,1,0,1,11790,"tutor","algebra",5948,12351,148,"MasterySection",5948,"1_15","Box and Whisker",42999,2770,2,4,44398,30060,NA,"",1,0,3,"3"
"157",29981142,270287,78073,33119,51404,1,1,1,6238,"tutor","algebra",5948,12351,148,"MasterySection",5948,"1_13","Box and Whisker",42999,2770,0,3,6238,30059,NA,"25",0,NA,4,"4"
"158",29981156,270287,78073,33175,51460,1,1,1,11667,"tutor","algebra",5948,12351,148,"MasterySection",5948,"1_15","Box and Whisker",42999,2770,0,4,11667,30060,NA,"6",0,NA,5,"5"
"159",29994651,270287,78073,33142,51427,1,1,1,31672,"tutor","algebra",5948,12351,148,"MasterySection",5948,"1_13","Box and Whisker",42999,2770,0,3,31672,30799,NA,"68",0,NA,6,"6"
"160",31131842,271985,78073,73212,135637,1,1,1,14328,"tutor","algebra",9879,12887,30,"MasterySection",9879,"1_15","Box and Whisker",42999,2770,0,2,14328,63448,NA,"32",0,NA,7,"7"
"161",31131859,271985,78073,73237,135662,1,1,1,9375,"tutor","algebra",9879,12887,30,"MasterySection",9879,"1","Box and Whisker",42999,2770,0,2,9375,63447,NA,"71",0,NA,8,"8"
"162",31131871,271985,78073,73244,135669,1,1,1,7437,"tutor","algebra",9879,12887,30,"MasterySection",9879,"1","Box and Whisker",42999,2770,0,2,7437,63447,NA,"47",0,NA,9,"9"
"163",31131882,271985,78073,73222,135647,1,1,1,5594,"tutor","algebra",9879,12887,30,"MasterySection",9879,"1","Box and Whisker",42999,2770,0,0,5594,63446,NA,"86",0,NA,10,"10"
"164",31131888,271985,78073,73243,135668,1,1,1,5062,"tutor","algebra",9879,12887,30,"MasterySection",9879,"1","Box and Whisker",42999,2770,0,2,5062,63447,NA,"30",0,NA,11,"11"
"165",35410360,281861,78073,33119,51404,1,1,1,19653,"tutor","algebra",5948,12351,223,"MasterySection",5948,"1_13","Box and Whisker",42999,2770,0,3,19653,30059,NA,"25",0,NA,12,"12"
"166",35410480,281861,78073,33170,51455,1,1,1,34829,"tutor","algebra",5948,12351,223,"MasterySection",5948,"1_15","Box and Whisker",42999,2770,0,4,34829,30060,NA,"8",0,NA,13,"13"
"167",31496548,220674,78673,33107,51392,1,1,1,4266,"tutor","algebra",5948,11816,22,"MasterySection",5948,"1_13","Box and Whisker",22763,73,0,3,4266,30059,NA,"43",0,NA,1,"1"
"168",31496554,220674,78673,33162,51447,1,1,1,6922,"tutor","algebra",5948,11816,22,"MasterySection",5948,"1_13","Box and Whisker",22763,73,0,3,6922,30799,NA,"61",0,NA,2,"2"
"169",35032725,277618,78673,33160,51445,1,1,1,4297,"tutor","algebra",5948,13241,126,"MasterySection",5948,"1_13","Box and Whisker",22763,73,0,3,4297,30799,NA,"35",0,NA,3,"3"
"170",35032733,277618,78673,33112,51397,1,1,1,3828,"tutor","algebra",5948,13241,126,"MasterySection",5948,"1_13","Box and Whisker",22763,73,0,2,3828,30059,NA,"36",0,NA,4,"4"
"171",31052297,220674,78675,33174,51459,1,1,1,12215,"tutor","algebra",5948,11816,22,"MasterySection",5948,"1_15","Box and Whisker",22763,73,0,4,12215,30060,NA,"6",0,NA,1,"1"
"172",31052322,220674,78675,33155,51440,1,1,1,57353,"tutor","algebra",5948,11816,22,"MasterySection",5948,"1_13","Box and Whisker",22763,73,0,3,57353,30799,NA,"85",0,NA,2,"2"
"173",31568495,271980,78903,33130,51415,1,1,1,6878,"tutor","algebra",9875,12885,30,"MasterySection",9875,"1_13","Box and Whisker",42999,2770,0,3,6878,30059,NA,"53",0,NA,1,"1"
"174",31568502,271980,78903,33157,51442,1,1,1,4838,"tutor","algebra",9875,12885,30,"MasterySection",9875,"1_13","Box and Whisker",42999,2770,0,3,4838,30799,NA,"47",0,NA,2,"2"
"175",31568512,271980,78903,33167,51452,1,1,1,12660,"tutor","algebra",9875,12885,30,"MasterySection",9875,"1_15","Box and Whisker",42999,2770,0,4,12660,30060,NA,"8",0,NA,3,"3"
"176",31568532,271980,78903,33119,51404,1,1,1,6535,"tutor","algebra",9875,12885,30,"MasterySection",9875,"1_13","Box and Whisker",42999,2770,0,3,6535,30059,NA,"25",0,NA,4,"4"
"177",31568551,271980,78903,33196,51481,1,1,1,12948,"tutor","algebra",9875,12885,30,"MasterySection",9875,"1_15","Box and Whisker",42999,2770,0,4,12948,30060,NA,"24",0,NA,5,"5"
"178",33535193,271198,78903,33136,51421,1,1,1,59661,"tutor","algebra",5948,12352,237,"MasterySection",5948,"1_13","Box and Whisker",42999,2770,0,3,59661,30059,NA,"47",0,NA,6,"6"
"179",33535233,271198,78903,33160,51445,1,1,1,3589,"tutor","algebra",5948,12352,237,"MasterySection",5948,"1_13","Box and Whisker",42999,2770,0,3,3589,30799,NA,"35",0,NA,7,"7"
"180",35232067,281004,78903,33157,51442,1,1,1,16275,"tutor","algebra",5948,12352,294,"MasterySection",5948,"1_13","Box and Whisker",42999,2770,0,3,16275,30799,NA,"47",0,NA,8,"8"
"181",35232092,281004,78903,33150,51435,1,1,1,6635,"tutor","algebra",5948,12352,294,"MasterySection",5948,"1_13","Box and Whisker",42999,2770,0,3,6635,30799,NA,"55",0,NA,9,"9"
"182",31520328,271980,78904,33186,51471,1,1,1,22111,"tutor","algebra",9875,12885,30,"MasterySection",9875,"1_15","Box and Whisker",42999,2770,0,4,22111,30060,NA,"8",0,NA,1,"1"
"183",31520342,271980,78904,33171,51456,1,1,1,19002,"tutor","algebra",9875,12885,30,"MasterySection",9875,"1_15","Box and Whisker",42999,2770,0,4,19002,30060,NA,"6",0,NA,2,"2"
"184",31520349,271980,78904,33190,51475,1,1,1,18446,"tutor","algebra",9875,12885,30,"MasterySection",9875,"1_15","Box and Whisker",42999,2770,0,4,18446,30060,NA,"24",0,NA,3,"3"
"185",31520359,271980,78904,33113,51398,1,0,2,44284,"tutor","algebra",9875,12885,30,"MasterySection",9875,"1_13","Box and Whisker",42999,2770,1,3,67154,30059,NA,"25",0,0,4,"4"
"186",31520393,271980,78904,33128,51413,1,1,1,11830,"tutor","algebra",9875,12885,30,"MasterySection",9875,"1_13","Box and Whisker",42999,2770,0,3,11830,30059,NA,"76",0,NA,5,"5"
"187",31520407,271980,78904,33138,51423,1,1,1,8735,"tutor","algebra",9875,12885,30,"MasterySection",9875,"1_13","Box and Whisker",42999,2770,0,3,8735,30799,NA,"51",0,NA,6,"6"
"188",31520416,271980,78904,33159,51444,1,1,1,8930,"tutor","algebra",9875,12885,30,"MasterySection",9875,"1_13","Box and Whisker",42999,2770,0,3,8930,30799,NA,"91",0,NA,7,"7"
"189",31520426,271980,78904,33122,51407,1,1,1,13564,"tutor","algebra",9875,12885,30,"MasterySection",9875,"1_13","Box and Whisker",42999,2770,0,3,13564,30059,NA,"37",0,NA,8,"8"
"190",31520439,271980,78904,33163,51448,1,1,1,11398,"tutor","algebra",9875,12885,30,"MasterySection",9875,"1_13","Box and Whisker",42999,2770,0,3,11398,30799,NA,"50",0,NA,9,"9"
"191",34666580,271198,78904,33154,51439,1,1,1,8172,"tutor","algebra",5948,12352,237,"MasterySection",5948,"1_13","Box and Whisker",42999,2770,0,3,8172,30799,NA,"34",0,NA,10,"10"
"192",34666589,271198,78904,33192,51477,1,0,2,5006,"tutor","algebra",5948,12352,237,"MasterySection",5948,"1_15","Box and Whisker",42999,2770,0,4,21055,30060,NA,"46",0,NA,11,"11"
"193",34666597,271198,78904,33168,51453,1,1,1,10469,"tutor","algebra",5948,12352,237,"MasterySection",5948,"1_15","Box and Whisker",42999,2770,0,4,10469,30060,NA,"12",0,NA,12,"12"
"194",34666604,271198,78904,33196,51481,1,1,1,11327,"tutor","algebra",5948,12352,237,"MasterySection",5948,"1_15","Box and Whisker",42999,2770,0,4,11327,30060,NA,"24",0,NA,13,"13"
"195",34666621,271198,78904,33157,51442,1,1,1,3694,"tutor","algebra",5948,12352,237,"MasterySection",5948,"1_13","Box and Whisker",42999,2770,0,3,3694,30799,NA,"47",0,NA,14,"14"
"196",35231316,281004,78904,33180,51465,1,1,1,71233,"tutor","algebra",5948,12352,294,"MasterySection",5948,"1_15","Box and Whisker",42999,2770,0,4,71233,30060,NA,"16",0,NA,15,"15"
"197",35231420,281004,78904,33175,51460,1,1,1,11372,"tutor","algebra",5948,12352,294,"MasterySection",5948,"1_15","Box and Whisker",42999,2770,0,4,11372,30060,NA,"6",0,NA,16,"16"
"198",30946454,271963,78905,73224,135649,1,0,1,17810,"tutor","algebra",9879,12886,30,"MasterySection",9879,"1","Box and Whisker",42999,2770,2,2,27884,63446,NA,"",1,1,1,"1"
"199",30946483,271963,78905,73211,135636,1,0,2,15403,"tutor","algebra",9879,12886,30,"MasterySection",9879,"1_15","Box and Whisker",42999,2770,0,2,27867,63448,NA,"12",0,NA,2,"2"
"200",31036634,271963,78905,73240,135665,1,1,1,8970,"tutor","algebra",9879,12886,30,"MasterySection",9879,"1","Box and Whisker",42999,2770,0,2,8970,63447,NA,"54",0,NA,3,"3"
"201",31036654,271963,78905,73236,135661,1,1,1,5900,"tutor","algebra",9879,12886,30,"MasterySection",9879,"1","Box and Whisker",42999,2770,0,0,5900,63447,NA,"75",0,NA,4,"4"
"202",31036662,271963,78905,73223,135648,1,1,1,7156,"tutor","algebra",9879,12886,30,"MasterySection",9879,"1","Box and Whisker",42999,2770,0,2,7156,63446,NA,"64",0,NA,5,"5"
"203",31036672,271963,78905,73214,135639,1,1,1,10017,"tutor","algebra",9879,12886,30,"MasterySection",9879,"1_15","Box and Whisker",42999,2770,0,2,10017,63448,NA,"6",0,NA,6,"6"
"204",31996462,271198,78905,33125,51410,1,1,1,8954,"tutor","algebra",5948,12352,237,"MasterySection",5948,"1_13","Box and Whisker",42999,2770,0,3,8954,30059,NA,"70",0,NA,7,"7"
"205",31996475,271198,78905,33161,51446,1,1,1,8346,"tutor","algebra",5948,12352,237,"MasterySection",5948,"1_13","Box and Whisker",42999,2770,0,3,8346,30799,NA,"26",0,NA,8,"8"
"206",35229606,281004,78905,33151,51436,1,1,1,4916,"tutor","algebra",5948,12352,294,"MasterySection",5948,"1_13","Box and Whisker",42999,2770,0,3,4916,30799,NA,"46",0,NA,9,"9"
"207",35229626,281004,78905,33148,51433,1,1,1,4304,"tutor","algebra",5948,12352,294,"MasterySection",5948,"1_13","Box and Whisker",42999,2770,0,3,4304,30799,NA,"74",0,NA,10,"10"
"208",30946654,271963,78906,73212,135637,1,1,1,14594,"tutor","algebra",9879,12886,30,"MasterySection",9879,"1_15","Box and Whisker",42999,2770,0,2,14594,63448,NA,"32",0,NA,1,"1"
"209",30946897,271963,78906,73232,135657,1,0,2,43041,"tutor","algebra",9879,12886,30,"MasterySection",9879,"1","Box and Whisker",42999,2770,0,2,49190,63446,NA,"26",0,NA,2,"2"
"210",30946935,271963,78906,73223,135648,1,1,1,5413,"tutor","algebra",9879,12886,30,"MasterySection",9879,"1","Box and Whisker",42999,2770,0,2,5413,63446,NA,"64",0,NA,3,"3"
"211",30946942,271963,78906,73227,135652,1,1,1,4949,"tutor","algebra",9879,12886,30,"MasterySection",9879,"1","Box and Whisker",42999,2770,0,2,4949,63446,NA,"26",0,NA,4,"4"
"212",30946949,271963,78906,73236,135661,1,1,1,4812,"tutor","algebra",9879,12886,30,"MasterySection",9879,"1","Box and Whisker",42999,2770,0,0,4812,63447,NA,"75",0,NA,5,"5"
"213",30946956,271963,78906,73206,135631,1,1,1,13218,"tutor","algebra",9879,12886,30,"MasterySection",9879,"1_15","Box and Whisker",42999,2770,0,2,13218,63448,NA,"24",0,NA,6,"6"
"214",30946978,271963,78906,73228,135653,1,1,1,8284,"tutor","algebra",9879,12886,30,"MasterySection",9879,"1","Box and Whisker",42999,2770,0,2,8284,63446,NA,"68",0,NA,7,"7"
"215",31991354,271198,78906,33190,51475,1,1,1,32814,"tutor","algebra",5948,12352,237,"MasterySection",5948,"1_15","Box and Whisker",42999,2770,0,4,32814,30060,NA,"24",0,NA,8,"8"
"216",31991360,271198,78906,33151,51436,1,1,1,3734,"tutor","algebra",5948,12352,237,"MasterySection",5948,"1_13","Box and Whisker",42999,2770,0,3,3734,30799,NA,"46",0,NA,9,"9"
"217",35231510,281004,78906,33159,51444,1,1,1,10761,"tutor","algebra",5948,12352,294,"MasterySection",5948,"1_13","Box and Whisker",42999,2770,0,3,10761,30799,NA,"91",0,NA,10,"10"
"218",35231531,281004,78906,33107,51392,1,1,1,4917,"tutor","algebra",5948,12352,294,"MasterySection",5948,"1_13","Box and Whisker",42999,2770,0,3,4917,30059,NA,"43",0,NA,11,"11"
"219",30947543,271980,78907,33196,51481,1,0,2,8037,"tutor","algebra",9875,12885,30,"MasterySection",9875,"1_15","Box and Whisker",42999,2770,2,4,21578,30060,NA,"14",0,0,1,"1"
"220",30947580,271980,78907,33121,51406,1,0,1,11181,"tutor","algebra",9875,12885,30,"MasterySection",9875,"1_13","Box and Whisker",42999,2770,1,3,16977,30059,NA,"",1,0,2,"2"
"221",30947607,271980,78907,33171,51456,1,1,1,3706,"tutor","algebra",9875,12885,30,"MasterySection",9875,"1_15","Box and Whisker",42999,2770,0,4,3706,30060,NA,"6",0,NA,3,"3"
"222",30947614,271980,78907,33182,51467,1,1,1,4226,"tutor","algebra",9875,12885,30,"MasterySection",9875,"1_15","Box and Whisker",42999,2770,0,4,4226,30060,NA,"12",0,NA,4,"4"
"223",30947622,271980,78907,33158,51443,1,1,1,2551,"tutor","algebra",9875,12885,30,"MasterySection",9875,"1_13","Box and Whisker",42999,2770,0,3,2551,30799,NA,"41",0,NA,5,"5"
"224",30947630,271980,78907,33155,51440,1,1,1,3811,"tutor","algebra",9875,12885,30,"MasterySection",9875,"1_13","Box and Whisker",42999,2770,0,3,3811,30799,NA,"85",0,NA,6,"6"
"225",30947637,271980,78907,33131,51416,1,1,1,4345,"tutor","algebra",9875,12885,30,"MasterySection",9875,"1_13","Box and Whisker",42999,2770,0,3,4345,30059,NA,"20",0,NA,7,"7"
"226",31991274,271198,78907,33130,51415,1,1,1,6718,"tutor","algebra",5948,12352,237,"MasterySection",5948,"1_13","Box and Whisker",42999,2770,0,3,6718,30059,NA,"53",0,NA,8,"8"
"227",31991281,271198,78907,33177,51462,1,0,2,3572,"tutor","algebra",5948,12352,237,"MasterySection",5948,"1_15","Box and Whisker",42999,2770,0,4,8836,30060,NA,"16",0,NA,9,"9"
"228",31991289,271198,78907,33182,51467,1,1,1,4046,"tutor","algebra",5948,12352,237,"MasterySection",5948,"1_15","Box and Whisker",42999,2770,0,4,4046,30060,NA,"12",0,NA,10,"10"
"229",31991296,271198,78907,33143,51428,1,1,1,3293,"tutor","algebra",5948,12352,237,"MasterySection",5948,"1_13","Box and Whisker",42999,2770,0,3,3293,30799,NA,"37",0,NA,11,"11"
"230",31991303,271198,78907,33173,51458,1,1,1,5326,"tutor","algebra",5948,12352,237,"MasterySection",5948,"1_15","Box and Whisker",42999,2770,0,4,5326,30060,NA,"16",0,NA,12,"12"
"231",35231903,281004,78907,33170,51455,1,1,1,5232,"tutor","algebra",5948,12352,294,"MasterySection",5948,"1_15","Box and Whisker",42999,2770,0,4,5232,30060,NA,"8",0,NA,13,"13"
"232",35231922,281004,78907,33168,51453,1,1,1,4762,"tutor","algebra",5948,12352,294,"MasterySection",5948,"1_15","Box and Whisker",42999,2770,0,4,4762,30060,NA,"12",0,NA,14,"14"
"233",31404524,271980,78908,33143,51428,1,1,1,30099,"tutor","algebra",9875,12885,30,"MasterySection",9875,"1_13","Box and Whisker",42999,2770,0,3,30099,30799,NA,"37",0,NA,1,"1"
"234",31404620,271980,78908,33176,51461,1,1,1,16453,"tutor","algebra",9875,12885,30,"MasterySection",9875,"1_15","Box and Whisker",42999,2770,0,4,16453,30060,NA,"24",0,NA,2,"2"
"235",31404654,271980,78908,33173,51458,1,1,1,9404,"tutor","algebra",9875,12885,30,"MasterySection",9875,"1_15","Box and Whisker",42999,2770,0,4,9404,30060,NA,"16",0,NA,3,"3"
"236",31404689,271980,78908,33195,51480,1,1,1,5189,"tutor","algebra",9875,12885,30,"MasterySection",9875,"1_15","Box and Whisker",42999,2770,0,4,5189,30060,NA,"24",0,NA,4,"4"
"237",31404713,271980,78908,33164,51449,1,1,1,3790,"tutor","algebra",9875,12885,30,"MasterySection",9875,"1_13","Box and Whisker",42999,2770,0,3,3790,30799,NA,"44",0,NA,5,"5"
"238",31988197,271198,78908,33192,51477,1,1,1,14182,"tutor","algebra",5948,12352,237,"MasterySection",5948,"1_15","Box and Whisker",42999,2770,0,4,14182,30060,NA,"18",0,NA,6,"6"
"239",31988211,271198,78908,33129,51414,1,1,1,4810,"tutor","algebra",5948,12352,237,"MasterySection",5948,"1_13","Box and Whisker",42999,2770,0,3,4810,30059,NA,"45",0,NA,7,"7"
"240",35230200,281004,78908,33148,51433,1,1,1,8367,"tutor","algebra",5948,12352,294,"MasterySection",5948,"1_13","Box and Whisker",42999,2770,0,3,8367,30799,NA,"74",0,NA,8,"8"
"241",35230239,281004,78908,33154,51439,1,1,1,5619,"tutor","algebra",5948,12352,294,"MasterySection",5948,"1_13","Box and Whisker",42999,2770,0,3,5619,30799,NA,"34",0,NA,9,"9"
"242",30946116,271980,78909,33111,51396,1,1,1,15188,"tutor","algebra",9875,12885,30,"MasterySection",9875,"1_13","Box and Whisker",42999,2770,0,3,15188,30059,NA,"70",0,NA,1,"1"
"243",30946136,271980,78909,33149,51434,1,1,1,5165,"tutor","algebra",9875,12885,30,"MasterySection",9875,"1_13","Box and Whisker",42999,2770,0,3,5165,30799,NA,"79",0,NA,2,"2"
"244",30946154,271980,78909,33195,51480,1,1,1,5812,"tutor","algebra",9875,12885,30,"MasterySection",9875,"1_15","Box and Whisker",42999,2770,0,4,5812,30060,NA,"24",0,NA,3,"3"
"245",30946169,271980,78909,33131,51416,1,0,2,6092,"tutor","algebra",9875,12885,30,"MasterySection",9875,"1_13","Box and Whisker",42999,2770,0,3,11914,30059,NA,"16",0,NA,4,"4"
"246",30946197,271980,78909,33191,51476,1,0,2,4408,"tutor","algebra",9875,12885,30,"MasterySection",9875,"1_15","Box and Whisker",42999,2770,0,4,12329,30060,NA,"22",0,NA,5,"5"
"247",30946238,271980,78909,33117,51402,1,1,1,6462,"tutor","algebra",9875,12885,30,"MasterySection",9875,"1_13","Box and Whisker",42999,2770,0,3,6462,30059,NA,"82",0,NA,6,"6"
"248",30946259,271980,78909,33165,51450,1,1,1,3762,"tutor","algebra",9875,12885,30,"MasterySection",9875,"1_13","Box and Whisker",42999,2770,0,3,3762,30799,NA,"84",0,NA,7,"7"
"249",30946267,271980,78909,33119,51404,1,1,1,3737,"tutor","algebra",9875,12885,30,"MasterySection",9875,"1_13","Box and Whisker",42999,2770,0,3,3737,30059,NA,"25",0,NA,8,"8"
"250",30946283,271980,78909,33118,51403,1,1,1,5371,"tutor","algebra",9875,12885,30,"MasterySection",9875,"1_13","Box and Whisker",42999,2770,0,3,5371,30059,NA,"57",0,NA,9,"9"
"251",30946297,271980,78909,33158,51443,1,1,1,23763,"tutor","algebra",9875,12885,30,"MasterySection",9875,"1_13","Box and Whisker",42999,2770,0,3,23763,30799,NA,"41",0,NA,10,"10"
"252",31991649,271198,78909,33107,51392,1,1,1,5852,"tutor","algebra",5948,12352,237,"MasterySection",5948,"1_13","Box and Whisker",42999,2770,0,3,5852,30059,NA,"43",0,NA,11,"11"
"253",31991662,271198,78909,33178,51463,1,0,2,5345,"tutor","algebra",5948,12352,237,"MasterySection",5948,"1_15","Box and Whisker",42999,2770,0,4,16067,30060,NA,"70",0,NA,12,"12"
"254",31991679,271198,78909,33186,51471,1,1,1,12707,"tutor","algebra",5948,12352,237,"MasterySection",5948,"1_15","Box and Whisker",42999,2770,0,4,12707,30060,NA,"8",0,NA,13,"13"
"255",31991702,271198,78909,33137,51422,1,1,1,8734,"tutor","algebra",5948,12352,237,"MasterySection",5948,"1_13","Box and Whisker",42999,2770,0,3,8734,30799,NA,"36",0,NA,14,"14"
"256",31991714,271198,78909,33125,51410,1,1,1,5466,"tutor","algebra",5948,12352,237,"MasterySection",5948,"1_13","Box and Whisker",42999,2770,0,3,5466,30059,NA,"70",0,NA,15,"15"
"257",35231457,281004,78909,33121,51406,1,1,1,17795,"tutor","algebra",5948,12352,294,"MasterySection",5948,"1_13","Box and Whisker",42999,2770,0,3,17795,30059,NA,"25",0,NA,16,"16"
"258",35231499,281004,78909,33172,51457,1,1,1,14356,"tutor","algebra",5948,12352,294,"MasterySection",5948,"1_15","Box and Whisker",42999,2770,0,4,14356,30060,NA,"12",0,NA,17,"17"
"259",30958630,271980,78910,33109,51394,1,0,3,71130,"tutor","algebra",9875,12885,30,"MasterySection",9875,"1_13","Box and Whisker",42999,2770,0,3,161159,30059,NA,"67",0,NA,1,"1"
"260",30958790,271980,78910,33147,51432,1,1,1,6755,"tutor","algebra",9875,12885,30,"MasterySection",9875,"1_13","Box and Whisker",42999,2770,0,3,6755,30799,NA,"26",0,NA,2,"2"
"261",30958802,271980,78910,33117,51402,1,1,1,4629,"tutor","algebra",9875,12885,30,"MasterySection",9875,"1_13","Box and Whisker",42999,2770,0,3,4629,30059,NA,"82",0,NA,3,"3"
"262",30958819,271980,78910,33190,51475,1,0,2,5627,"tutor","algebra",9875,12885,30,"MasterySection",9875,"1_15","Box and Whisker",42999,2770,0,4,18554,30060,NA,"71",0,NA,4,"4"
"263",30958833,271980,78910,33180,51465,1,1,1,9060,"tutor","algebra",9875,12885,30,"MasterySection",9875,"1_15","Box and Whisker",42999,2770,0,4,9060,30060,NA,"16",0,NA,5,"5"
"264",30958857,271980,78910,33181,51466,1,1,1,14223,"tutor","algebra",9875,12885,30,"MasterySection",9875,"1_15","Box and Whisker",42999,2770,0,4,14223,30060,NA,"12",0,NA,6,"6"
"265",30958874,271980,78910,33159,51444,1,1,1,4694,"tutor","algebra",9875,12885,30,"MasterySection",9875,"1_13","Box and Whisker",42999,2770,0,3,4694,30799,NA,"91",0,NA,7,"7"
"266",30958889,271980,78910,33195,51480,1,1,1,14311,"tutor","algebra",9875,12885,30,"MasterySection",9875,"1_15","Box and Whisker",42999,2770,0,4,14311,30060,NA,"24",0,NA,8,"8"
"267",31993355,271198,78910,33114,51399,1,1,1,5164,"tutor","algebra",5948,12352,237,"MasterySection",5948,"1_13","Box and Whisker",42999,2770,0,3,5164,30059,NA,"47",0,NA,9,"9"
"268",31993366,271198,78910,33115,51400,1,1,1,4303,"tutor","algebra",5948,12352,237,"MasterySection",5948,"1_13","Box and Whisker",42999,2770,0,3,4303,30059,NA,"77",0,NA,10,"10"
"269",35231665,281004,78910,33107,51392,1,1,1,7913,"tutor","algebra",5948,12352,294,"MasterySection",5948,"1_13","Box and Whisker",42999,2770,0,3,7913,30059,NA,"43",0,NA,11,"11"
"270",35231690,281004,78910,33194,51479,1,1,1,5618,"tutor","algebra",5948,12352,294,"MasterySection",5948,"1_15","Box and Whisker",42999,2770,0,4,5618,30060,NA,"6",0,NA,12,"12"
"271",31380885,271980,78911,33110,51395,1,0,2,19812,"tutor","algebra",9875,12885,30,"MasterySection",9875,"1_13","Box and Whisker",42999,2770,1,3,47112,30059,NA,"",1,0,1,"1"
"272",31380939,271980,78911,33192,51477,1,1,1,29484,"tutor","algebra",9875,12885,30,"MasterySection",9875,"1_15","Box and Whisker",42999,2770,0,4,29484,30060,NA,"18",0,NA,2,"2"
"273",31381001,271980,78911,33172,51457,1,1,1,8034,"tutor","algebra",9875,12885,30,"MasterySection",9875,"1_15","Box and Whisker",42999,2770,0,4,8034,30060,NA,"12",0,NA,3,"3"
"274",31381030,271980,78911,33166,51451,1,1,1,5444,"tutor","algebra",9875,12885,30,"MasterySection",9875,"1_13","Box and Whisker",42999,2770,0,3,5444,30799,NA,"25",0,NA,4,"4"
"275",31381052,271980,78911,33182,51467,1,1,1,6006,"tutor","algebra",9875,12885,30,"MasterySection",9875,"1_15","Box and Whisker",42999,2770,0,4,6006,30060,NA,"12",0,NA,5,"5"
"276",31381072,271980,78911,33107,51392,1,1,1,5601,"tutor","algebra",9875,12885,30,"MasterySection",9875,"1_13","Box and Whisker",42999,2770,0,3,5601,30059,NA,"43",0,NA,6,"6"
"277",31990259,271198,78911,33112,51397,1,1,1,5569,"tutor","algebra",5948,12352,237,"MasterySection",5948,"1_13","Box and Whisker",42999,2770,0,2,5569,30059,NA,"36",0,NA,7,"7"
"278",31990267,271198,78911,33195,51480,1,1,1,9033,"tutor","algebra",5948,12352,237,"MasterySection",5948,"1_15","Box and Whisker",42999,2770,0,4,9033,30060,NA,"24",0,NA,8,"8"
"279",35231802,281004,78911,33133,51418,1,1,1,6011,"tutor","algebra",5948,12352,294,"MasterySection",5948,"1_13","Box and Whisker",42999,2770,0,3,6011,30059,NA,"86",0,NA,9,"9"
"280",35231822,281004,78911,33122,51407,1,1,1,5955,"tutor","algebra",5948,12352,294,"MasterySection",5948,"1_13","Box and Whisker",42999,2770,0,3,5955,30059,NA,"37",0,NA,10,"10"
"281",30948060,271963,78912,73236,135661,1,0,2,43279,"tutor","algebra",9879,12886,30,"MasterySection",9879,"1","Box and Whisker",42999,2770,0,0,80440,63447,NA,"76",0,NA,1,"1"
"282",30948144,271963,78912,73232,135657,1,1,1,7788,"tutor","algebra",9879,12886,30,"MasterySection",9879,"1","Box and Whisker",42999,2770,0,2,7788,63446,NA,"25",0,NA,2,"2"
"283",30948161,271963,78912,73216,135641,1,1,1,12347,"tutor","algebra",9879,12886,30,"MasterySection",9879,"1_15","Box and Whisker",42999,2770,0,2,12347,63448,NA,"6",0,NA,3,"3"
"284",30948194,271963,78912,73234,135659,1,1,1,6396,"tutor","algebra",9879,12886,30,"MasterySection",9879,"1","Box and Whisker",42999,2770,0,2,6396,63447,NA,"83",0,NA,4,"4"
"285",30948207,271963,78912,73210,135635,1,1,1,17204,"tutor","algebra",9879,12886,30,"MasterySection",9879,"1_15","Box and Whisker",42999,2770,0,2,17204,63448,NA,"18",0,NA,5,"5"
"286",30948233,271963,78912,73219,135644,1,1,1,4178,"tutor","algebra",9879,12886,30,"MasterySection",9879,"1","Box and Whisker",42999,2770,0,0,4178,63446,NA,"51",0,NA,6,"6"
"287",31986590,271198,78912,33147,51432,1,1,1,10952,"tutor","algebra",5948,12352,237,"MasterySection",5948,"1_13","Box and Whisker",42999,2770,0,3,10952,30799,NA,"26",0,NA,7,"7"
"288",31986618,271198,78912,33183,51468,1,1,1,26144,"tutor","algebra",5948,12352,237,"MasterySection",5948,"1_15","Box and Whisker",42999,2770,0,4,26144,30060,NA,"16",0,NA,8,"8"
"289",35231028,281004,78912,33183,51468,1,1,1,31370,"tutor","algebra",5948,12352,294,"MasterySection",5948,"1_15","Box and Whisker",42999,2770,0,4,31370,30060,NA,"16",0,NA,9,"9"
"290",35231149,281004,78912,33186,51471,1,1,1,18471,"tutor","algebra",5948,12352,294,"MasterySection",5948,"1_15","Box and Whisker",42999,2770,0,4,18471,30060,NA,"8",0,NA,10,"10"
"291",30952017,271963,78913,73242,135667,1,0,2,232850,"tutor","algebra",9879,12886,30,"MasterySection",9879,"1","Box and Whisker",42999,2770,0,2,281867,63447,NA,"36",0,NA,1,"1"
"292",30952220,271963,78913,73225,135650,1,1,1,34624,"tutor","algebra",9879,12886,30,"MasterySection",9879,"1","Box and Whisker",42999,2770,0,2,34624,63446,NA,"46",0,NA,2,"2"
"293",30952246,271963,78913,73231,135656,1,1,1,9931,"tutor","algebra",9879,12886,30,"MasterySection",9879,"1","Box and Whisker",42999,2770,0,2,9931,63446,NA,"35",0,NA,3,"3"
"294",30952315,271963,78913,73244,135669,1,1,1,5901,"tutor","algebra",9879,12886,30,"MasterySection",9879,"1","Box and Whisker",42999,2770,0,2,5901,63447,NA,"47",0,NA,4,"4"
"295",30952318,271963,78913,73224,135649,1,1,1,6638,"tutor","algebra",9879,12886,30,"MasterySection",9879,"1","Box and Whisker",42999,2770,0,2,6638,63446,NA,"77",0,NA,5,"5"
"296",30952343,271963,78913,73222,135647,1,1,1,9448,"tutor","algebra",9879,12886,30,"MasterySection",9879,"1","Box and Whisker",42999,2770,0,0,9448,63446,NA,"86",0,NA,6,"6"
"297",32058383,271198,78913,33188,51473,1,0,2,18515,"tutor","algebra",5948,12352,237,"MasterySection",5948,"1_15","Box and Whisker",42999,2770,0,4,89020,30060,NA,"9",0,NA,7,"7"
"298",32058457,271198,78913,33171,51456,1,1,1,19584,"tutor","algebra",5948,12352,237,"MasterySection",5948,"1_15","Box and Whisker",42999,2770,0,4,19584,30060,NA,"6",0,NA,8,"8"
"299",32058480,271198,78913,33131,51416,1,0,2,66809,"tutor","algebra",5948,12352,237,"MasterySection",5948,"1_13","Box and Whisker",42999,2770,0,3,290338,30059,NA,"21",0,NA,9,"9"
"300",32058706,271198,78913,33164,51449,1,1,1,4988,"tutor","algebra",5948,12352,237,"MasterySection",5948,"1_13","Box and Whisker",42999,2770,0,3,4988,30799,NA,"44",0,NA,10,"10"
"301",32058724,271198,78913,33115,51400,1,1,1,5350,"tutor","algebra",5948,12352,237,"MasterySection",5948,"1_13","Box and Whisker",42999,2770,0,3,5350,30059,NA,"77",0,NA,11,"11"
"302",32177523,271198,78913,33127,51412,1,1,1,8662,"tutor","algebra",5948,12352,237,"MasterySection",5948,"1_13","Box and Whisker",42999,2770,0,3,8662,30059,NA,"63",0,NA,12,"12"
"303",35229587,281004,78913,33165,51450,1,1,1,16315,"tutor","algebra",5948,12352,294,"MasterySection",5948,"1_13","Box and Whisker",42999,2770,0,3,16315,30799,NA,"84",0,NA,13,"13"
"304",35229654,281004,78913,33123,51408,1,1,1,6128,"tutor","algebra",5948,12352,294,"MasterySection",5948,"1_13","Box and Whisker",42999,2770,0,3,6128,30059,NA,"55",0,NA,14,"14"
"305",32868043,271198,78914,33136,51421,1,1,1,36866,"tutor","algebra",5948,12352,237,"MasterySection",5948,"1_13","Box and Whisker",42999,2770,0,3,36866,30059,NA,"47",0,NA,1,"1"
"306",32868050,271198,78914,33133,51418,1,1,1,11672,"tutor","algebra",5948,12352,237,"MasterySection",5948,"1_13","Box and Whisker",42999,2770,0,3,11672,30059,NA,"86",0,NA,2,"2"
"307",33760500,271980,78914,33143,51428,1,1,1,9834,"tutor","algebra",9875,12885,30,"MasterySection",9875,"1_13","Box and Whisker",42999,2770,0,3,9834,30799,NA,"37",0,NA,3,"3"
"308",33760507,271980,78914,33117,51402,1,1,1,10499,"tutor","algebra",9875,12885,30,"MasterySection",9875,"1_13","Box and Whisker",42999,2770,0,3,10499,30059,NA,"82",0,NA,4,"4"
"309",33760528,271980,78914,33146,51431,1,1,1,18425,"tutor","algebra",9875,12885,30,"MasterySection",9875,"1_13","Box and Whisker",42999,2770,0,3,18425,30799,NA,"67",0,NA,5,"5"
"310",33760546,271980,78914,33107,51392,1,1,1,7120,"tutor","algebra",9875,12885,30,"MasterySection",9875,"1_13","Box and Whisker",42999,2770,0,3,7120,30059,NA,"43",0,NA,6,"6"
"311",33760566,271980,78914,33147,51432,1,1,1,7492,"tutor","algebra",9875,12885,30,"MasterySection",9875,"1_13","Box and Whisker",42999,2770,0,3,7492,30799,NA,"26",0,NA,7,"7"
"312",35229613,281004,78914,33137,51422,1,1,1,34417,"tutor","algebra",5948,12352,294,"MasterySection",5948,"1_13","Box and Whisker",42999,2770,0,3,34417,30799,NA,"36",0,NA,8,"8"
"313",35229715,281004,78914,33168,51453,1,1,1,20747,"tutor","algebra",5948,12352,294,"MasterySection",5948,"1_15","Box and Whisker",42999,2770,0,4,20747,30060,NA,"12",0,NA,9,"9"
"314",31054241,271980,78915,33193,51478,1,1,1,52015,"tutor","algebra",9875,12885,30,"MasterySection",9875,"1_15","Box and Whisker",42999,2770,0,4,52015,30060,NA,"8",0,NA,1,"1"
"315",31054340,271980,78915,33189,51474,1,1,1,23578,"tutor","algebra",9875,12885,30,"MasterySection",9875,"1_15","Box and Whisker",42999,2770,0,4,23578,30060,NA,"6",0,NA,2,"2"
"316",31054379,271980,78915,33122,51407,1,0,2,15500,"tutor","algebra",9875,12885,30,"MasterySection",9875,"1_13","Box and Whisker",42999,2770,3,3,21391,30059,NA,"38",0,1,3,"3"
"317",31054412,271980,78915,33169,51454,1,1,1,37562,"tutor","algebra",9875,12885,30,"MasterySection",9875,"1_15","Box and Whisker",42999,2770,0,4,37562,30060,NA,"12",0,NA,4,"4"
"318",31054469,271980,78915,33182,51467,1,1,1,6703,"tutor","algebra",9875,12885,30,"MasterySection",9875,"1_15","Box and Whisker",42999,2770,0,4,6703,30060,NA,"12",0,NA,5,"5"
"319",31054492,271980,78915,33107,51392,1,0,2,64047,"tutor","algebra",9875,12885,30,"MasterySection",9875,"1_13","Box and Whisker",42999,2770,0,3,67734,30059,NA,"44",0,NA,6,"6"
"320",31054614,271980,78915,33176,51461,1,1,1,17860,"tutor","algebra",9875,12885,30,"MasterySection",9875,"1_15","Box and Whisker",42999,2770,0,4,17860,30060,NA,"24",0,NA,7,"7"
"321",31054669,271980,78915,33164,51449,1,0,2,22656,"tutor","algebra",9875,12885,30,"MasterySection",9875,"1_13","Box and Whisker",42999,2770,0,3,24812,30799,NA,"45",0,NA,8,"8"
"322",31054711,271980,78915,33179,51464,1,1,1,16953,"tutor","algebra",9875,12885,30,"MasterySection",9875,"1_15","Box and Whisker",42999,2770,0,4,16953,30060,NA,"12",0,NA,9,"9"
"323",31054731,271980,78915,33125,51410,1,1,1,15687,"tutor","algebra",9875,12885,30,"MasterySection",9875,"1_13","Box and Whisker",42999,2770,0,3,15687,30059,NA,"70",0,NA,10,"10"
"324",31112748,271980,78915,33155,51440,1,0,2,104969,"tutor","algebra",9875,12885,30,"MasterySection",9875,"1_13","Box and Whisker",42999,2770,0,3,108110,30799,NA,"84",0,NA,11,"11"
"325",31112788,271980,78915,33141,51426,1,0,2,114792,"tutor","algebra",9875,12885,30,"MasterySection",9875,"1_13","Box and Whisker",42999,2770,0,3,117542,30799,NA,"51",0,NA,12,"12"
"326",31112836,271980,78915,33161,51446,1,0,2,37559,"tutor","algebra",9875,12885,30,"MasterySection",9875,"1_13","Box and Whisker",42999,2770,0,3,41246,30799,NA,"27",0,NA,13,"13"
"327",31112852,271980,78915,33121,51406,1,1,1,43078,"tutor","algebra",9875,12885,30,"MasterySection",9875,"1_13","Box and Whisker",42999,2770,0,3,43078,30059,NA,"25",0,NA,14,"14"
"328",31112867,271980,78915,33178,51463,1,1,1,54547,"tutor","algebra",9875,12885,30,"MasterySection",9875,"1_15","Box and Whisker",42999,2770,0,4,54547,30060,NA,"24",0,NA,15,"15"
"329",31112890,271980,78915,33165,51450,1,0,2,136725,"tutor","algebra",9875,12885,30,"MasterySection",9875,"1_13","Box and Whisker",42999,2770,0,3,139553,30799,NA,"85",0,NA,16,"16"
"330",31112925,271980,78915,33184,51469,1,1,1,19925,"tutor","algebra",9875,12885,30,"MasterySection",9875,"1_15","Box and Whisker",42999,2770,0,4,19925,30060,NA,"18",0,NA,17,"17"
"331",31112932,271980,78915,33136,51421,1,0,2,15838,"tutor","algebra",9875,12885,30,"MasterySection",9875,"1_13","Box and Whisker",42999,2770,0,3,18651,30059,NA,"48",0,NA,18,"18"
"332",31112936,271980,78915,33118,51403,1,1,1,24796,"tutor","algebra",9875,12885,30,"MasterySection",9875,"1_13","Box and Whisker",42999,2770,0,3,24796,30059,NA,"57",0,NA,19,"19"
"333",31112954,271980,78915,33126,51411,1,1,1,23776,"tutor","algebra",9875,12885,30,"MasterySection",9875,"1_13","Box and Whisker",42999,2770,0,3,23776,30059,NA,"66",0,NA,20,"20"
"334",31112966,271980,78915,33159,51444,1,0,2,59527,"tutor","algebra",9875,12885,30,"MasterySection",9875,"1_13","Box and Whisker",42999,2770,0,3,62590,30799,NA,"92",0,NA,21,"21"
"335",31119208,271980,78915,33185,51470,1,1,1,9797,"tutor","algebra",9875,12885,30,"MasterySection",9875,"1_15","Box and Whisker",42999,2770,0,4,9797,30060,NA,"12",0,NA,22,"22"
"336",31278623,271980,78915,33181,51466,1,1,1,8984,"tutor","algebra",9875,12885,30,"MasterySection",9875,"1_15","Box and Whisker",42999,2770,0,4,8984,30060,NA,"12",0,NA,23,"23"
"337",31278645,271980,78915,33132,51417,1,1,1,15360,"tutor","algebra",9875,12885,30,"MasterySection",9875,"1_13","Box and Whisker",42999,2770,0,3,15360,30059,NA,"88",0,NA,24,"24"
"338",31278663,271980,78915,33167,51452,1,1,1,9266,"tutor","algebra",9875,12885,30,"MasterySection",9875,"1_15","Box and Whisker",42999,2770,0,4,9266,30060,NA,"8",0,NA,25,"25"
"339",31278683,271980,78915,33142,51427,1,1,1,20515,"tutor","algebra",9875,12885,30,"MasterySection",9875,"1_13","Box and Whisker",42999,2770,0,3,20515,30799,NA,"68",0,NA,26,"26"
"340",31989781,271198,78915,33133,51418,1,0,2,12469,"tutor","algebra",5948,12352,237,"MasterySection",5948,"1_13","Box and Whisker",42999,2770,0,3,14594,30059,NA,"87",0,NA,27,"27"
"341",31989790,271198,78915,33187,51472,1,0,2,7547,"tutor","algebra",5948,12352,237,"MasterySection",5948,"1_15","Box and Whisker",42999,2770,0,4,12078,30060,NA,"4",0,NA,28,"28"
"342",31989798,271198,78915,33164,51449,1,1,1,15219,"tutor","algebra",5948,12352,237,"MasterySection",5948,"1_13","Box and Whisker",42999,2770,0,3,15219,30799,NA,"44",0,NA,29,"29"
"343",31989805,271198,78915,33107,51392,1,1,1,38203,"tutor","algebra",5948,12352,237,"MasterySection",5948,"1_13","Box and Whisker",42999,2770,0,3,38203,30059,NA,"43",0,NA,30,"30"
"344",31989810,271198,78915,33191,51476,1,1,1,8640,"tutor","algebra",5948,12352,237,"MasterySection",5948,"1_15","Box and Whisker",42999,2770,0,4,8640,30060,NA,"24",0,NA,31,"31"
"345",35231976,281004,78915,33167,51452,1,1,1,20043,"tutor","algebra",5948,12352,294,"MasterySection",5948,"1_15","Box and Whisker",42999,2770,0,4,20043,30060,NA,"8",0,NA,32,"32"
"346",35232025,281004,78915,33160,51445,1,1,1,15437,"tutor","algebra",5948,12352,294,"MasterySection",5948,"1_13","Box and Whisker",42999,2770,0,3,15437,30799,NA,"35",0,NA,33,"33"
"347",30963020,271980,78916,33157,51442,1,1,1,3734,"tutor","algebra",9875,12885,30,"MasterySection",9875,"1_13","Box and Whisker",42999,2770,0,3,3734,30799,NA,"47",0,NA,1,"1"
"348",30963037,271980,78916,33188,51473,1,0,2,11485,"tutor","algebra",9875,12885,30,"MasterySection",9875,"1_15","Box and Whisker",42999,2770,0,4,34000,30060,NA,"9",0,NA,2,"2"
"349",30963077,271980,78916,33109,51394,1,1,1,5656,"tutor","algebra",9875,12885,30,"MasterySection",9875,"1_13","Box and Whisker",42999,2770,0,3,5656,30059,NA,"66",0,NA,3,"3"
"350",30963091,271980,78916,33127,51412,1,1,1,3203,"tutor","algebra",9875,12885,30,"MasterySection",9875,"1_13","Box and Whisker",42999,2770,0,3,3203,30059,NA,"63",0,NA,4,"4"
"351",30963099,271980,78916,33187,51472,1,1,1,23579,"tutor","algebra",9875,12885,30,"MasterySection",9875,"1_15","Box and Whisker",42999,2770,0,4,23579,30060,NA,"8",0,NA,5,"5"
"352",30963127,271980,78916,33117,51402,1,1,1,7782,"tutor","algebra",9875,12885,30,"MasterySection",9875,"1_13","Box and Whisker",42999,2770,0,3,7782,30059,NA,"82",0,NA,6,"6"
"353",30963136,271980,78916,33133,51418,1,1,1,2922,"tutor","algebra",9875,12885,30,"MasterySection",9875,"1_13","Box and Whisker",42999,2770,0,3,2922,30059,NA,"86",0,NA,7,"7"
"354",31986065,271198,78916,33196,51481,1,1,1,11594,"tutor","algebra",5948,12352,237,"MasterySection",5948,"1_15","Box and Whisker",42999,2770,0,4,11594,30060,NA,"24",0,NA,8,"8"
"355",31986075,271198,78916,33149,51434,1,1,1,2703,"tutor","algebra",5948,12352,237,"MasterySection",5948,"1_13","Box and Whisker",42999,2770,0,3,2703,30799,NA,"79",0,NA,9,"9"
"356",35229658,281004,78916,33126,51411,1,1,1,8901,"tutor","algebra",5948,12352,294,"MasterySection",5948,"1_13","Box and Whisker",42999,2770,0,3,8901,30059,NA,"66",0,NA,10,"10"
"357",35229692,281004,78916,33169,51454,1,1,1,11130,"tutor","algebra",5948,12352,294,"MasterySection",5948,"1_15","Box and Whisker",42999,2770,0,4,11130,30060,NA,"12",0,NA,11,"11"
"358",30944296,271980,78917,33149,51434,1,0,1,17559,"tutor","algebra",9875,12885,30,"MasterySection",9875,"1_13","Box and Whisker",42999,2770,1,3,25137,30799,NA,"",1,0,1,"1"
"359",30944340,271980,78917,33188,51473,1,1,1,12378,"tutor","algebra",9875,12885,30,"MasterySection",9875,"1_15","Box and Whisker",42999,2770,0,4,12378,30060,NA,"18",0,NA,2,"2"
"360",30944355,271980,78917,33176,51461,1,1,1,9441,"tutor","algebra",9875,12885,30,"MasterySection",9875,"1_15","Box and Whisker",42999,2770,0,4,9441,30060,NA,"24",0,NA,3,"3"
"361",30944377,271980,78917,33155,51440,1,1,1,11709,"tutor","algebra",9875,12885,30,"MasterySection",9875,"1_13","Box and Whisker",42999,2770,0,3,11709,30799,NA,"85",0,NA,4,"4"
"362",30944400,271980,78917,33124,51409,1,1,1,4132,"tutor","algebra",9875,12885,30,"MasterySection",9875,"1_13","Box and Whisker",42999,2770,0,3,4132,30059,NA,"58",0,NA,5,"5"
"363",30944406,271980,78917,33107,51392,1,1,1,3445,"tutor","algebra",9875,12885,30,"MasterySection",9875,"1_13","Box and Whisker",42999,2770,0,3,3445,30059,NA,"43",0,NA,6,"6"
"364",31987934,271198,78917,33150,51435,1,1,1,11585,"tutor","algebra",5948,12352,237,"MasterySection",5948,"1_13","Box and Whisker",42999,2770,0,3,11585,30799,NA,"55",0,NA,7,"7"
"365",31987955,271198,78917,33153,51438,1,1,1,4181,"tutor","algebra",5948,12352,237,"MasterySection",5948,"1_13","Box and Whisker",42999,2770,0,3,4181,30799,NA,"23",0,NA,8,"8"
"366",35229775,281004,78917,33175,51460,1,0,2,7865,"tutor","algebra",5948,12352,294,"MasterySection",5948,"1_15","Box and Whisker",42999,2770,0,4,20981,30060,NA,"32",0,NA,9,"9"
"367",35229838,281004,78917,33145,51430,1,1,1,5393,"tutor","algebra",5948,12352,294,"MasterySection",5948,"1_13","Box and Whisker",42999,2770,0,3,5393,30799,NA,"66",0,NA,10,"10"
"368",35229863,281004,78917,33117,51402,1,1,1,5778,"tutor","algebra",5948,12352,294,"MasterySection",5948,"1_13","Box and Whisker",42999,2770,0,3,5778,30059,NA,"82",0,NA,11,"11"
"369",35229879,281004,78917,33116,51401,1,1,1,6182,"tutor","algebra",5948,12352,294,"MasterySection",5948,"1_13","Box and Whisker",42999,2770,0,3,6182,30059,NA,"22",0,NA,12,"12"
"370",30943511,271963,78918,73213,135638,1,0,2,12593,"tutor","algebra",9879,12886,30,"MasterySection",9879,"1_15","Box and Whisker",42999,2770,2,2,40015,63448,NA,"36",0,1,1,"1"
"371",31211236,271963,78918,73226,135651,1,1,1,20516,"tutor","algebra",9879,12886,30,"MasterySection",9879,"1","Box and Whisker",42999,2770,0,2,20516,63446,NA,"23",0,NA,2,"2"
"372",31211277,271963,78918,73228,135653,1,1,1,15656,"tutor","algebra",9879,12886,30,"MasterySection",9879,"1","Box and Whisker",42999,2770,0,2,15656,63446,NA,"68",0,NA,3,"3"
"373",31211311,271963,78918,73241,135666,1,0,2,18437,"tutor","algebra",9879,12886,30,"MasterySection",9879,"1","Box and Whisker",42999,2770,2,2,26203,63447,NA,"64",0,1,4,"4"
"374",31211361,271963,78918,73214,135639,1,0,2,9766,"tutor","algebra",9879,12886,30,"MasterySection",9879,"1_15","Box and Whisker",42999,2770,2,2,32047,63448,NA,"9",0,1,5,"5"
"375",31211396,271963,78918,73210,135635,1,0,3,11703,"tutor","algebra",9879,12886,30,"MasterySection",9879,"1_15","Box and Whisker",42999,2770,2,2,22187,63448,NA,"27",0,1,6,"6"
"376",31211420,271963,78918,73231,135656,1,1,1,11563,"tutor","algebra",9879,12886,30,"MasterySection",9879,"1","Box and Whisker",42999,2770,0,2,11563,63446,NA,"35",0,NA,7,"7"
"377",31211433,271963,78918,73218,135643,1,0,2,44938,"tutor","algebra",9879,12886,30,"MasterySection",9879,"1_15","Box and Whisker",42999,2770,0,0,48047,63448,NA,"9",0,NA,8,"8"
"378",31211480,271963,78918,73234,135659,1,0,3,16172,"tutor","algebra",9879,12886,30,"MasterySection",9879,"1","Box and Whisker",42999,2770,2,2,44593,63447,NA,"84",0,1,9,"9"
"379",31211542,271963,78918,73215,135640,1,0,3,13203,"tutor","algebra",9879,12886,30,"MasterySection",9879,"1_15","Box and Whisker",42999,2770,2,2,23156,63448,NA,"36",0,1,10,"10"
"380",31211582,271963,78918,73246,135671,1,0,2,9750,"tutor","algebra",9879,12886,30,"MasterySection",9879,"1","Box and Whisker",42999,2770,2,2,15171,63447,NA,"27",0,1,11,"11"
"381",31256036,271963,78918,73232,135657,1,1,1,16848,"tutor","algebra",9879,12886,30,"MasterySection",9879,"1","Box and Whisker",42999,2770,0,2,16848,63446,NA,"25",0,NA,12,"12"
"382",31256136,271963,78918,73245,135670,1,0,2,13213,"tutor","algebra",9879,12886,30,"MasterySection",9879,"1","Box and Whisker",42999,2770,2,2,38969,63447,NA,"52",0,1,13,"13"
"383",31256279,271963,78918,73219,135644,1,1,1,19578,"tutor","algebra",9879,12886,30,"MasterySection",9879,"1","Box and Whisker",42999,2770,0,0,19578,63446,NA,"51",0,NA,14,"14"
"384",31256364,271963,78918,73244,135669,1,0,2,19157,"tutor","algebra",9879,12886,30,"MasterySection",9879,"1","Box and Whisker",42999,2770,2,2,33353,63447,NA,"44",0,1,15,"15"
"385",31256465,271963,78918,73224,135649,1,1,1,10717,"tutor","algebra",9879,12886,30,"MasterySection",9879,"1","Box and Whisker",42999,2770,0,2,10717,63446,NA,"77",0,NA,16,"16"
"386",31256492,271963,78918,73216,135641,1,0,2,49811,"tutor","algebra",9879,12886,30,"MasterySection",9879,"1_15","Box and Whisker",42999,2770,0,2,54616,63448,NA,"9",0,NA,17,"17"
"387",31256608,271963,78918,73243,135668,1,0,1,23859,"tutor","algebra",9879,12886,30,"MasterySection",9879,"1","Box and Whisker",42999,2770,0,2,23859,63447,NA,"31",0,NA,18,"18"
"388",31988507,271198,78918,33159,51444,1,0,2,35000,"tutor","algebra",5948,12352,237,"MasterySection",5948,"1_13","Box and Whisker",42999,2770,3,3,51406,30799,NA,"92",0,1,19,"19"
"389",31988542,271198,78918,33127,51412,1,1,1,7875,"tutor","algebra",5948,12352,237,"MasterySection",5948,"1_13","Box and Whisker",42999,2770,0,3,7875,30059,NA,"63",0,NA,20,"20"
"390",31988553,271198,78918,33193,51478,1,0,2,11203,"tutor","algebra",5948,12352,237,"MasterySection",5948,"1_15","Box and Whisker",42999,2770,4,4,72656,30060,NA,"4",0,1,21,"21"
"391",31988608,271198,78918,33180,51465,1,1,1,38812,"tutor","algebra",5948,12352,237,"MasterySection",5948,"1_15","Box and Whisker",42999,2770,0,4,38812,30060,NA,"16",0,NA,22,"22"
"392",31988639,271198,78918,33170,51455,1,1,1,93312,"tutor","algebra",5948,12352,237,"MasterySection",5948,"1_15","Box and Whisker",42999,2770,0,4,93312,30060,NA,"8",0,NA,23,"23"
"393",32069024,271198,78918,33110,51395,1,1,1,9328,"tutor","algebra",5948,12352,237,"MasterySection",5948,"1_13","Box and Whisker",42999,2770,0,3,9328,30059,NA,"41",0,NA,24,"24"
"394",35230289,281004,78918,33137,51422,1,1,1,13364,"tutor","algebra",5948,12352,294,"MasterySection",5948,"1_13","Box and Whisker",42999,2770,0,3,13364,30799,NA,"36",0,NA,25,"25"
"395",35230354,281004,78918,33135,51420,1,1,1,7467,"tutor","algebra",5948,12352,294,"MasterySection",5948,"1_13","Box and Whisker",42999,2770,0,3,7467,30059,NA,"21",0,NA,26,"26"
"396",31390613,271980,78919,33191,51476,1,1,1,13828,"tutor","algebra",9875,12885,30,"MasterySection",9875,"1_15","Box and Whisker",42999,2770,0,4,13828,30060,NA,"24",0,NA,1,"1"
"397",31390638,271980,78919,33173,51458,1,1,1,10343,"tutor","algebra",9875,12885,30,"MasterySection",9875,"1_15","Box and Whisker",42999,2770,0,4,10343,30060,NA,"16",0,NA,2,"2"
"398",31390656,271980,78919,33179,51464,1,1,1,10016,"tutor","algebra",9875,12885,30,"MasterySection",9875,"1_15","Box and Whisker",42999,2770,0,4,10016,30060,NA,"12",0,NA,3,"3"
"399",31390687,271980,78919,33139,51424,1,1,1,42704,"tutor","algebra",9875,12885,30,"MasterySection",9875,"1_13","Box and Whisker",42999,2770,0,3,42704,30799,NA,"26",0,NA,4,"4"
"400",31390724,271980,78919,33122,51407,1,1,1,64641,"tutor","algebra",9875,12885,30,"MasterySection",9875,"1_13","Box and Whisker",42999,2770,0,3,64641,30059,NA,"37",0,NA,5,"5"
"401",32285684,271198,78919,33117,51402,1,1,1,7031,"tutor","algebra",5948,12352,237,"MasterySection",5948,"1_13","Box and Whisker",42999,2770,0,3,7031,30059,NA,"82",0,NA,6,"6"
"402",32285706,271198,78919,33196,51481,1,0,2,13500,"tutor","algebra",5948,12352,237,"MasterySection",5948,"1_15","Box and Whisker",42999,2770,0,4,24641,30060,NA,"12",0,NA,7,"7"
"403",32285750,271198,78919,33120,51405,1,1,1,5187,"tutor","algebra",5948,12352,237,"MasterySection",5948,"1_13","Box and Whisker",42999,2770,0,3,5187,30059,NA,"36",0,NA,8,"8"
"404",32285758,271198,78919,33121,51406,1,1,1,3719,"tutor","algebra",5948,12352,237,"MasterySection",5948,"1_13","Box and Whisker",42999,2770,0,3,3719,30059,NA,"25",0,NA,9,"9"
"405",32285773,271198,78919,33175,51460,1,1,1,5125,"tutor","algebra",5948,12352,237,"MasterySection",5948,"1_15","Box and Whisker",42999,2770,0,4,5125,30060,NA,"6",0,NA,10,"10"
"406",35229921,281004,78919,33122,51407,1,1,1,16933,"tutor","algebra",5948,12352,294,"MasterySection",5948,"1_13","Box and Whisker",42999,2770,0,3,16933,30059,NA,"37",0,NA,11,"11"
"407",35229989,281004,78919,33162,51447,1,1,1,34122,"tutor","algebra",5948,12352,294,"MasterySection",5948,"1_13","Box and Whisker",42999,2770,0,3,34122,30799,NA,"61",0,NA,12,"12"
"408",31040327,271963,78920,73243,135668,1,1,1,5193,"tutor","algebra",9879,12886,30,"MasterySection",9879,"1","Box and Whisker",42999,2770,0,2,5193,63447,NA,"30",0,NA,1,"1"
"409",31040347,271963,78920,73221,135646,1,1,1,4490,"tutor","algebra",9879,12886,30,"MasterySection",9879,"1","Box and Whisker",42999,2770,0,2,4490,63446,NA,"40",0,NA,2,"2"
"410",31040368,271963,78920,73236,135661,1,1,1,5169,"tutor","algebra",9879,12886,30,"MasterySection",9879,"1","Box and Whisker",42999,2770,0,0,5169,63447,NA,"75",0,NA,3,"3"
"411",31040385,271963,78920,73228,135653,1,1,1,6065,"tutor","algebra",9879,12886,30,"MasterySection",9879,"1","Box and Whisker",42999,2770,0,2,6065,63446,NA,"68",0,NA,4,"4"
"412",31040410,271963,78920,73226,135651,1,1,1,3932,"tutor","algebra",9879,12886,30,"MasterySection",9879,"1","Box and Whisker",42999,2770,0,2,3932,63446,NA,"23",0,NA,5,"5"
"413",32001179,271198,78920,33192,51477,1,1,1,8818,"tutor","algebra",5948,12352,237,"MasterySection",5948,"1_15","Box and Whisker",42999,2770,0,4,8818,30060,NA,"18",0,NA,6,"6"
"414",32001187,271198,78920,33121,51406,1,1,1,8445,"tutor","algebra",5948,12352,237,"MasterySection",5948,"1_13","Box and Whisker",42999,2770,0,3,8445,30059,NA,"25",0,NA,7,"7"
"415",35231784,281004,78920,33168,51453,1,1,1,9657,"tutor","algebra",5948,12352,294,"MasterySection",5948,"1_15","Box and Whisker",42999,2770,0,4,9657,30060,NA,"12",0,NA,8,"8"
"416",35231821,281004,78920,33169,51454,1,1,1,5318,"tutor","algebra",5948,12352,294,"MasterySection",5948,"1_15","Box and Whisker",42999,2770,0,4,5318,30060,NA,"12",0,NA,9,"9"
"417",31385932,271980,78921,33177,51462,1,1,1,15116,"tutor","algebra",9875,12885,30,"MasterySection",9875,"1_15","Box and Whisker",42999,2770,0,4,15116,30060,NA,"32",0,NA,1,"1"
"418",31385992,271980,78921,33126,51411,1,1,1,12230,"tutor","algebra",9875,12885,30,"MasterySection",9875,"1_13","Box and Whisker",42999,2770,0,3,12230,30059,NA,"66",0,NA,2,"2"
"419",31386033,271980,78921,33169,51454,1,1,1,16146,"tutor","algebra",9875,12885,30,"MasterySection",9875,"1_15","Box and Whisker",42999,2770,0,4,16146,30060,NA,"12",0,NA,3,"3"
"420",31386080,271980,78921,33164,51449,1,1,1,7863,"tutor","algebra",9875,12885,30,"MasterySection",9875,"1_13","Box and Whisker",42999,2770,0,3,7863,30799,NA,"44",0,NA,4,"4"
"421",31386114,271980,78921,33139,51424,1,1,1,9656,"tutor","algebra",9875,12885,30,"MasterySection",9875,"1_13","Box and Whisker",42999,2770,0,3,9656,30799,NA,"26",0,NA,5,"5"
"422",31994464,271198,78921,33157,51442,1,1,1,12558,"tutor","algebra",5948,12352,237,"MasterySection",5948,"1_13","Box and Whisker",42999,2770,0,3,12558,30799,NA,"47",0,NA,6,"6"
"423",31994471,271198,78921,33177,51462,1,1,1,22199,"tutor","algebra",5948,12352,237,"MasterySection",5948,"1_15","Box and Whisker",42999,2770,0,4,22199,30060,NA,"32",0,NA,7,"7"
"424",35229600,281004,78921,33185,51470,1,1,1,27927,"tutor","algebra",5948,12352,294,"MasterySection",5948,"1_15","Box and Whisker",42999,2770,0,4,27927,30060,NA,"12",0,NA,8,"8"
"425",35229695,281004,78921,33171,51456,1,1,1,25756,"tutor","algebra",5948,12352,294,"MasterySection",5948,"1_15","Box and Whisker",42999,2770,0,4,25756,30060,NA,"6",0,NA,9,"9"
"426",31403992,271963,78922,73228,135653,1,1,1,9045,"tutor","algebra",9879,12886,30,"MasterySection",9879,"1","Box and Whisker",42999,2770,0,2,9045,63446,NA,"68",0,NA,1,"1"
"427",31404027,271963,78922,73207,135632,1,1,1,9922,"tutor","algebra",9879,12886,30,"MasterySection",9879,"1_15","Box and Whisker",42999,2770,0,2,9922,63448,NA,"8",0,NA,2,"2"
"428",31404068,271963,78922,73231,135656,1,1,1,8770,"tutor","algebra",9879,12886,30,"MasterySection",9879,"1","Box and Whisker",42999,2770,0,2,8770,63446,NA,"35",0,NA,3,"3"
"429",31404106,271963,78922,73229,135654,1,1,1,13917,"tutor","algebra",9879,12886,30,"MasterySection",9879,"1","Box and Whisker",42999,2770,0,0,13917,63446,NA,"64",0,NA,4,"4"
"430",31404176,271963,78922,73227,135652,1,1,1,4364,"tutor","algebra",9879,12886,30,"MasterySection",9879,"1","Box and Whisker",42999,2770,0,2,4364,63446,NA,"26",0,NA,5,"5"
"431",32238361,271198,78922,33139,51424,1,1,1,6590,"tutor","algebra",5948,12352,237,"MasterySection",5948,"1_13","Box and Whisker",42999,2770,0,3,6590,30799,NA,"26",0,NA,6,"6"
"432",32238378,271198,78922,33196,51481,1,1,1,7503,"tutor","algebra",5948,12352,237,"MasterySection",5948,"1_15","Box and Whisker",42999,2770,0,4,7503,30060,NA,"24",0,NA,7,"7"
"433",35229940,281004,78922,33183,51468,1,1,1,23412,"tutor","algebra",5948,12352,294,"MasterySection",5948,"1_15","Box and Whisker",42999,2770,0,4,23412,30060,NA,"16",0,NA,8,"8"
"434",35230003,281004,78922,33136,51421,1,1,1,12883,"tutor","algebra",5948,12352,294,"MasterySection",5948,"1_13","Box and Whisker",42999,2770,0,3,12883,30059,NA,"47",0,NA,9,"9"
"435",31333744,271963,78923,73245,135670,1,1,1,43149,"tutor","algebra",9879,12886,30,"MasterySection",9879,"1","Box and Whisker",42999,2770,0,2,43149,63447,NA,"49",0,NA,1,"1"
"436",31333776,271963,78923,73213,135638,1,1,1,17488,"tutor","algebra",9879,12886,30,"MasterySection",9879,"1_15","Box and Whisker",42999,2770,0,2,17488,63448,NA,"32",0,NA,2,"2"
"437",31333792,271963,78923,73209,135634,1,1,1,15382,"tutor","algebra",9879,12886,30,"MasterySection",9879,"1_15","Box and Whisker",42999,2770,0,2,15382,63448,NA,"6",0,NA,3,"3"
"438",31333807,271963,78923,73234,135659,1,1,1,7847,"tutor","algebra",9879,12886,30,"MasterySection",9879,"1","Box and Whisker",42999,2770,0,2,7847,63447,NA,"83",0,NA,4,"4"
"439",31333813,271963,78923,73220,135645,1,1,1,5990,"tutor","algebra",9879,12886,30,"MasterySection",9879,"1","Box and Whisker",42999,2770,0,2,5990,63446,NA,"76",0,NA,5,"5"
"440",31988907,271198,78923,33165,51450,1,1,1,25469,"tutor","algebra",5948,12352,237,"MasterySection",5948,"1_13","Box and Whisker",42999,2770,0,3,25469,30799,NA,"84",0,NA,6,"6"
"441",31988926,271198,78923,33172,51457,1,0,2,8375,"tutor","algebra",5948,12352,237,"MasterySection",5948,"1_15","Box and Whisker",42999,2770,0,4,16875,30060,NA,"6",0,NA,7,"7"
"442",31988941,271198,78923,33157,51442,1,1,1,4875,"tutor","algebra",5948,12352,237,"MasterySection",5948,"1_13","Box and Whisker",42999,2770,0,3,4875,30799,NA,"47",0,NA,8,"8"
"443",31988954,271198,78923,33196,51481,1,1,1,8344,"tutor","algebra",5948,12352,237,"MasterySection",5948,"1_15","Box and Whisker",42999,2770,0,4,8344,30060,NA,"24",0,NA,9,"9"
"444",31988965,271198,78923,33145,51430,1,1,1,4407,"tutor","algebra",5948,12352,237,"MasterySection",5948,"1_13","Box and Whisker",42999,2770,0,3,4407,30799,NA,"66",0,NA,10,"10"
"445",35230331,281004,78923,33148,51433,1,1,1,7935,"tutor","algebra",5948,12352,294,"MasterySection",5948,"1_13","Box and Whisker",42999,2770,0,3,7935,30799,NA,"74",0,NA,11,"11"
"446",35230393,281004,78923,33120,51405,1,1,1,13490,"tutor","algebra",5948,12352,294,"MasterySection",5948,"1_13","Box and Whisker",42999,2770,0,3,13490,30059,NA,"36",0,NA,12,"12"
"447",31351805,271963,78926,73234,135659,1,0,3,55953,"tutor","algebra",9879,12886,30,"MasterySection",9879,"1","Box and Whisker",42999,2770,2,2,163515,63447,NA,"84",0,1,1,"1"
"448",31351857,271963,78926,73217,135642,1,1,1,21921,"tutor","algebra",9879,12886,30,"MasterySection",9879,"1_15","Box and Whisker",42999,2770,0,2,21921,63448,NA,"24",0,NA,2,"2"
"449",31351864,271963,78926,73229,135654,1,1,1,9719,"tutor","algebra",9879,12886,30,"MasterySection",9879,"1","Box and Whisker",42999,2770,0,0,9719,63446,NA,"64",0,NA,3,"3"
"450",31351878,271963,78926,73215,135640,1,1,1,13047,"tutor","algebra",9879,12886,30,"MasterySection",9879,"1_15","Box and Whisker",42999,2770,0,2,13047,63448,NA,"24",0,NA,4,"4"
"451",31351917,271963,78926,73238,135663,1,1,1,15063,"tutor","algebra",9879,12886,30,"MasterySection",9879,"1","Box and Whisker",42999,2770,0,2,15063,63447,NA,"33",0,NA,5,"5"
"452",31351933,271963,78926,73223,135648,1,1,1,7516,"tutor","algebra",9879,12886,30,"MasterySection",9879,"1","Box and Whisker",42999,2770,0,2,7516,63446,NA,"64",0,NA,6,"6"
"453",32175242,271198,78926,33112,51397,1,1,1,8380,"tutor","algebra",5948,12352,237,"MasterySection",5948,"1_13","Box and Whisker",42999,2770,0,2,8380,30059,NA,"36",0,NA,7,"7"
"454",32175248,271198,78926,33158,51443,1,1,1,7893,"tutor","algebra",5948,12352,237,"MasterySection",5948,"1_13","Box and Whisker",42999,2770,0,3,7893,30799,NA,"41",0,NA,8,"8"
"455",35231371,281004,78926,33158,51443,1,1,1,11428,"tutor","algebra",5948,12352,294,"MasterySection",5948,"1_13","Box and Whisker",42999,2770,0,3,11428,30799,NA,"41",0,NA,9,"9"
"456",35231384,281004,78926,33185,51470,1,1,1,8565,"tutor","algebra",5948,12352,294,"MasterySection",5948,"1_15","Box and Whisker",42999,2770,0,4,8565,30060,NA,"12",0,NA,10,"10"
"457",29960114,270287,78970,33167,51452,1,0,1,20420,"tutor","algebra",5948,12351,148,"MasterySection",5948,"1_15","Box and Whisker",42999,2770,1,4,32292,30060,NA,"",1,0,1,"1"
"458",29960161,270287,78970,33108,51393,1,0,2,12496,"tutor","algebra",5948,12351,148,"MasterySection",5948,"1_13","Box and Whisker",42999,2770,3,3,36847,30059,NA,"53",0,1,2,"2"
"459",29960215,270287,78970,33156,51441,1,0,2,21652,"tutor","algebra",5948,12351,148,"MasterySection",5948,"1_13","Box and Whisker",42999,2770,0,3,23899,30799,NA,"71",0,NA,3,"3"
"460",29960250,270287,78970,33158,51443,1,0,5,15303,"tutor","algebra",5948,12351,148,"MasterySection",5948,"1_13","Box and Whisker",42999,2770,3,3,35505,30799,NA,"43",0,1,4,"4"
"461",29960303,270287,78970,33143,51428,1,1,1,15896,"tutor","algebra",5948,12351,148,"MasterySection",5948,"1_13","Box and Whisker",42999,2770,0,3,15896,30799,NA,"37",0,NA,5,"5"
"462",30053434,270287,78970,33192,51477,1,1,1,20639,"tutor","algebra",5948,12351,148,"MasterySection",5948,"1_15","Box and Whisker",42999,2770,0,4,20639,30060,NA,"18",0,NA,6,"6"
"463",30053440,270287,78970,33169,51454,1,1,1,16239,"tutor","algebra",5948,12351,148,"MasterySection",5948,"1_15","Box and Whisker",42999,2770,0,4,16239,30060,NA,"12",0,NA,7,"7"
"464",31129876,271985,78970,73206,135631,1,1,1,17359,"tutor","algebra",9879,12887,30,"MasterySection",9879,"1_15","Box and Whisker",42999,2770,0,2,17359,63448,NA,"24",0,NA,8,"8"
"465",31129900,271985,78970,73233,135658,1,0,2,45315,"tutor","algebra",9879,12887,30,"MasterySection",9879,"1","Box and Whisker",42999,2770,0,2,70685,63447,NA,"14",0,NA,9,"9"
"466",31129943,271985,78970,73218,135643,1,1,1,15978,"tutor","algebra",9879,12887,30,"MasterySection",9879,"1_15","Box and Whisker",42999,2770,0,0,15978,63448,NA,"6",0,NA,10,"10"
"467",31129957,271985,78970,73215,135640,1,0,2,18082,"tutor","algebra",9879,12887,30,"MasterySection",9879,"1_15","Box and Whisker",42999,2770,0,2,35303,63448,NA,"118",0,NA,11,"11"
"468",31129965,271985,78970,73227,135652,1,0,2,14787,"tutor","algebra",9879,12887,30,"MasterySection",9879,"1","Box and Whisker",42999,2770,2,2,33305,63446,NA,"27",0,1,12,"12"
"469",31129982,271985,78970,73243,135668,1,1,1,15796,"tutor","algebra",9879,12887,30,"MasterySection",9879,"1","Box and Whisker",42999,2770,0,2,15796,63447,NA,"30",0,NA,13,"13"
"470",31129989,271985,78970,73212,135637,1,1,1,21960,"tutor","algebra",9879,12887,30,"MasterySection",9879,"1_15","Box and Whisker",42999,2770,0,2,21960,63448,NA,"32",0,NA,14,"14"
"471",31130003,271985,78970,73225,135650,1,0,3,19612,"tutor","algebra",9879,12887,30,"MasterySection",9879,"1","Box and Whisker",42999,2770,0,2,43860,63446,NA,"47",0,NA,15,"15"
"472",31130014,271985,78970,73208,135633,1,1,1,16262,"tutor","algebra",9879,12887,30,"MasterySection",9879,"1_15","Box and Whisker",42999,2770,0,0,16262,63448,NA,"24",0,NA,16,"16"
"473",31130022,271985,78970,73240,135665,1,0,2,21942,"tutor","algebra",9879,12887,30,"MasterySection",9879,"1","Box and Whisker",42999,2770,0,2,26302,63447,NA,"55",0,NA,17,"17"
"474",31249324,271985,78970,73246,135671,1,1,1,36352,"tutor","algebra",9879,12887,30,"MasterySection",9879,"1","Box and Whisker",42999,2770,0,2,36352,63447,NA,"30",0,NA,18,"18"
"475",31249407,271985,78970,73234,135659,1,0,3,18397,"tutor","algebra",9879,12887,30,"MasterySection",9879,"1","Box and Whisker",42999,2770,0,2,21341,63447,NA,"84",0,NA,19,"19"
"476",31249496,271985,78970,73230,135655,1,0,2,20086,"tutor","algebra",9879,12887,30,"MasterySection",9879,"1","Box and Whisker",42999,2770,2,2,45833,63446,NA,"48",0,1,20,"20"
"477",31249648,271985,78970,73229,135654,1,0,4,20212,"tutor","algebra",9879,12887,30,"MasterySection",9879,"1","Box and Whisker",42999,2770,0,0,35552,63446,NA,"65",0,NA,21,"21"
"478",31249773,271985,78970,73219,135644,1,1,1,27163,"tutor","algebra",9879,12887,30,"MasterySection",9879,"1","Box and Whisker",42999,2770,0,0,27163,63446,NA,"51",0,NA,22,"22"
"479",31249878,271985,78970,73216,135641,1,0,5,13678,"tutor","algebra",9879,12887,30,"MasterySection",9879,"1_15","Box and Whisker",42999,2770,2,2,43306,63448,NA,"81",0,1,23,"23"
"480",31249977,271985,78970,73222,135647,1,1,1,14630,"tutor","algebra",9879,12887,30,"MasterySection",9879,"1","Box and Whisker",42999,2770,0,0,14630,63446,NA,"86",0,NA,24,"24"
"481",31250027,271985,78970,73242,135667,1,0,3,17641,"tutor","algebra",9879,12887,30,"MasterySection",9879,"1","Box and Whisker",42999,2770,0,2,21816,63447,NA,"36",0,NA,25,"25"
"482",31250079,271985,78970,73226,135651,1,1,1,10982,"tutor","algebra",9879,12887,30,"MasterySection",9879,"1","Box and Whisker",42999,2770,0,2,10982,63446,NA,"23",0,NA,26,"26"
"483",31250138,271985,78970,73211,135636,1,1,1,15160,"tutor","algebra",9879,12887,30,"MasterySection",9879,"1_15","Box and Whisker",42999,2770,0,2,15160,63448,NA,"24",0,NA,27,"27"
"484",31250173,271985,78970,73213,135638,1,1,1,14077,"tutor","algebra",9879,12887,30,"MasterySection",9879,"1_15","Box and Whisker",42999,2770,0,2,14077,63448,NA,"32",0,NA,28,"28"
"485",31325622,271985,78970,73244,135669,1,0,3,13420,"tutor","algebra",9879,12887,30,"MasterySection",9879,"1","Box and Whisker",42999,2770,0,2,23677,63447,NA,"45",0,NA,29,"29"
"486",31325687,271985,78970,73214,135639,1,0,2,15680,"tutor","algebra",9879,12887,30,"MasterySection",9879,"1_15","Box and Whisker",42999,2770,2,2,24142,63448,NA,"8",0,1,30,"30"
"487",31325796,271985,78970,73235,135660,1,0,2,22104,"tutor","algebra",9879,12887,30,"MasterySection",9879,"1","Box and Whisker",42999,2770,0,2,24654,63447,NA,"24",0,NA,31,"31"
"488",31325909,271985,78970,73224,135649,1,0,3,10824,"tutor","algebra",9879,12887,30,"MasterySection",9879,"1","Box and Whisker",42999,2770,0,2,20664,63446,NA,"78",0,NA,32,"32"
"489",31325954,271985,78970,73205,135630,1,1,1,16462,"tutor","algebra",9879,12887,30,"MasterySection",9879,"1_15","Box and Whisker",42999,2770,0,0,16462,63448,NA,"24",0,NA,33,"33"
"490",31326013,271985,78970,73231,135656,1,0,6,13292,"tutor","algebra",9879,12887,30,"MasterySection",9879,"1","Box and Whisker",42999,2770,2,2,43887,63446,NA,"38",0,1,34,"34"
"491",31326116,271985,78970,73228,135653,1,1,1,12588,"tutor","algebra",9879,12887,30,"MasterySection",9879,"1","Box and Whisker",42999,2770,0,2,12588,63446,NA,"68",0,NA,35,"35"
"492",31326154,271985,78970,73245,135670,1,0,3,15754,"tutor","algebra",9879,12887,30,"MasterySection",9879,"1","Box and Whisker",42999,2770,0,2,20531,63447,NA,"50",0,NA,36,"36"
"493",31326225,271985,78970,73209,135634,1,1,1,14526,"tutor","algebra",9879,12887,30,"MasterySection",9879,"1_15","Box and Whisker",42999,2770,0,2,14526,63448,NA,"6",0,NA,37,"37"
"494",31326273,271985,78970,73241,135666,1,0,3,44045,"tutor","algebra",9879,12887,30,"MasterySection",9879,"1","Box and Whisker",42999,2770,0,2,49716,63447,NA,"62",0,NA,38,"38"
"495",31326467,271985,78970,73237,135662,1,0,2,96632,"tutor","algebra",9879,12887,30,"MasterySection",9879,"1","Box and Whisker",42999,2770,0,2,101343,63447,NA,"72",0,NA,39,"39"
"496",31360664,271985,78970,73220,135645,1,1,1,8676,"tutor","algebra",9879,12887,30,"MasterySection",9879,"1","Box and Whisker",42999,2770,0,2,8676,63446,NA,"76",0,NA,40,"40"
"497",31360684,271985,78970,73223,135648,1,0,2,8925,"tutor","algebra",9879,12887,30,"MasterySection",9879,"1","Box and Whisker",42999,2770,0,2,11234,63446,NA,"63",0,NA,41,"41"
"498",31360936,271985,78970,73207,135632,1,1,1,3906,"tutor","algebra",9879,12887,30,"MasterySection",9879,"1_15","Box and Whisker",42999,2770,0,2,3906,63448,NA,"8",0,NA,42,"42"
"499",31360949,271985,78970,73236,135661,1,0,2,12696,"tutor","algebra",9879,12887,30,"MasterySection",9879,"1","Box and Whisker",42999,2770,0,0,14496,63447,NA,"76",0,NA,43,"43"
"500",31360968,271985,78970,73210,135635,1,1,1,6799,"tutor","algebra",9879,12887,30,"MasterySection",9879,"1_15","Box and Whisker",42999,2770,0,2,6799,63448,NA,"18",0,NA,44,"44"
